driver_id,window_id,global_window_id,cluster
A,0,A_w0,-1
A,1,A_w1,0
A,2,A_w2,0
A,3,A_w3,0
A,4,A_w4,0
A,5,A_w5,0
A,6,A_w6,0
A,7,A_w7,0
A,8,A_w8,0
A,9,A_w9,0
A,10,A_w10,-1
A,11,A_w11,-1
A,12,A_w12,-1
A,13,A_w13,0
A,14,A_w14,0
A,15,A_w15,0
A,16,A_w16,0
A,17,A_w17,0
A,18,A_w18,0
A,19,A_w19,0
A,20,A_w20,0
A,21,A_w21,0
A,22,A_w22,0
A,23,A_w23,0
A,24,A_w24,0
A,25,A_w25,0
A,26,A_w26,0
A,27,A_w27,0
A,28,A_w28,0
A,29,A_w29,0
A,30,A_w30,0
A,31,A_w31,-1
A,32,A_w32,0
A,33,A_w33,0
A,34,A_w34,0
A,35,A_w35,0
A,36,A_w36,0
A,37,A_w37,0
A,38,A_w38,0
A,39,A_w39,0
A,40,A_w40,0
A,41,A_w41,0
A,42,A_w42,0
A,43,A_w43,0
A,44,A_w44,0
A,45,A_w45,0
A,46,A_w46,0
A,47,A_w47,0
A,48,A_w48,0
A,49,A_w49,0
A,50,A_w50,0
A,51,A_w51,0
A,52,A_w52,0
A,53,A_w53,0
A,54,A_w54,0
A,55,A_w55,0
A,56,A_w56,0
A,57,A_w57,-1
A,58,A_w58,0
A,59,A_w59,0
A,60,A_w60,0
A,61,A_w61,0
A,62,A_w62,0
A,63,A_w63,0
A,64,A_w64,0
A,65,A_w65,0
A,66,A_w66,0
A,67,A_w67,-1
A,68,A_w68,-1
A,69,A_w69,0
A,70,A_w70,0
A,71,A_w71,0
A,72,A_w72,0
A,73,A_w73,0
A,74,A_w74,0
A,75,A_w75,0
A,76,A_w76,0
A,77,A_w77,0
A,78,A_w78,0
A,79,A_w79,0
A,80,A_w80,0
A,81,A_w81,0
A,82,A_w82,0
A,83,A_w83,0
A,84,A_w84,0
A,85,A_w85,0
A,86,A_w86,0
A,87,A_w87,0
A,88,A_w88,0
A,89,A_w89,0
A,90,A_w90,0
A,91,A_w91,0
A,92,A_w92,0
A,93,A_w93,0
A,94,A_w94,0
A,95,A_w95,0
A,96,A_w96,0
A,97,A_w97,0
A,98,A_w98,0
A,99,A_w99,0
A,100,A_w100,0
A,101,A_w101,0
A,102,A_w102,0
A,103,A_w103,0
A,104,A_w104,0
A,105,A_w105,0
A,106,A_w106,0
A,107,A_w107,0
A,108,A_w108,0
A,109,A_w109,0
A,110,A_w110,0
A,111,A_w111,0
A,112,A_w112,0
A,113,A_w113,0
A,114,A_w114,0
A,115,A_w115,0
A,116,A_w116,0
A,117,A_w117,0
A,118,A_w118,0
A,119,A_w119,0
A,120,A_w120,0
A,121,A_w121,0
A,122,A_w122,0
A,123,A_w123,0
A,124,A_w124,0
A,125,A_w125,0
A,126,A_w126,0
A,127,A_w127,-1
A,128,A_w128,-1
A,129,A_w129,-1
A,130,A_w130,0
A,131,A_w131,0
A,132,A_w132,0
A,133,A_w133,-1
A,134,A_w134,-1
A,135,A_w135,-1
A,136,A_w136,-1
A,137,A_w137,-1
A,138,A_w138,0
A,139,A_w139,-1
A,140,A_w140,-1
A,141,A_w141,-1
A,142,A_w142,0
A,143,A_w143,0
A,144,A_w144,-1
A,145,A_w145,-1
A,146,A_w146,-1
A,147,A_w147,0
A,148,A_w148,0
A,149,A_w149,-1
A,150,A_w150,-1
A,151,A_w151,-1
A,152,A_w152,-1
A,153,A_w153,-1
A,154,A_w154,-1
A,155,A_w155,-1
A,156,A_w156,-1
A,157,A_w157,0
A,158,A_w158,0
A,159,A_w159,0
A,160,A_w160,0
A,161,A_w161,0
A,162,A_w162,0
A,163,A_w163,0
A,164,A_w164,0
A,165,A_w165,-1
A,166,A_w166,-1
A,167,A_w167,-1
A,168,A_w168,-1
A,169,A_w169,-1
A,170,A_w170,-1
A,171,A_w171,-1
A,172,A_w172,-1
A,173,A_w173,-1
A,174,A_w174,0
A,175,A_w175,0
A,176,A_w176,0
A,177,A_w177,0
A,178,A_w178,0
A,179,A_w179,0
A,180,A_w180,0
A,181,A_w181,0
A,182,A_w182,0
A,183,A_w183,0
A,184,A_w184,0
A,185,A_w185,0
A,186,A_w186,0
A,187,A_w187,-1
A,188,A_w188,-1
A,189,A_w189,-1
A,190,A_w190,-1
A,191,A_w191,-1
A,192,A_w192,-1
A,193,A_w193,-1
A,194,A_w194,-1
A,195,A_w195,0
A,196,A_w196,-1
A,197,A_w197,0
A,198,A_w198,-1
A,199,A_w199,0
A,200,A_w200,0
A,201,A_w201,0
A,202,A_w202,0
A,203,A_w203,0
A,204,A_w204,0
A,205,A_w205,0
A,206,A_w206,0
A,207,A_w207,0
A,208,A_w208,0
A,209,A_w209,0
A,210,A_w210,-1
A,211,A_w211,0
A,212,A_w212,0
A,213,A_w213,0
A,214,A_w214,0
A,215,A_w215,0
A,216,A_w216,0
A,217,A_w217,0
A,218,A_w218,-1
A,219,A_w219,0
A,220,A_w220,0
A,221,A_w221,0
A,222,A_w222,0
A,223,A_w223,0
A,224,A_w224,0
A,225,A_w225,0
A,226,A_w226,0
A,227,A_w227,0
A,228,A_w228,0
A,229,A_w229,0
A,230,A_w230,0
A,231,A_w231,0
A,232,A_w232,0
A,233,A_w233,0
A,234,A_w234,0
A,235,A_w235,0
A,236,A_w236,0
A,237,A_w237,0
A,238,A_w238,0
A,239,A_w239,0
A,240,A_w240,0
A,241,A_w241,0
A,242,A_w242,0
A,243,A_w243,0
A,244,A_w244,-1
A,245,A_w245,-1
A,246,A_w246,-1
A,247,A_w247,-1
A,248,A_w248,-1
A,249,A_w249,-1
A,250,A_w250,0
A,251,A_w251,0
A,252,A_w252,0
A,253,A_w253,0
A,254,A_w254,0
A,255,A_w255,0
A,256,A_w256,0
A,257,A_w257,0
A,258,A_w258,0
A,259,A_w259,0
A,260,A_w260,0
A,261,A_w261,0
A,262,A_w262,0
A,263,A_w263,0
A,264,A_w264,0
A,265,A_w265,0
A,266,A_w266,0
A,267,A_w267,0
A,268,A_w268,-1
A,269,A_w269,0
A,270,A_w270,-1
A,271,A_w271,0
A,272,A_w272,-1
A,273,A_w273,-1
A,274,A_w274,0
A,275,A_w275,0
A,276,A_w276,0
A,277,A_w277,0
A,278,A_w278,0
A,279,A_w279,-1
A,280,A_w280,0
A,281,A_w281,0
A,282,A_w282,0
A,283,A_w283,0
A,284,A_w284,0
A,285,A_w285,-1
A,286,A_w286,0
A,287,A_w287,0
A,288,A_w288,0
A,289,A_w289,0
A,290,A_w290,0
A,291,A_w291,0
A,292,A_w292,0
A,293,A_w293,0
A,294,A_w294,0
A,295,A_w295,0
A,296,A_w296,-1
A,297,A_w297,0
A,298,A_w298,0
A,299,A_w299,-1
A,300,A_w300,0
A,301,A_w301,-1
A,302,A_w302,0
A,303,A_w303,-1
A,304,A_w304,-1
A,305,A_w305,0
A,306,A_w306,0
A,307,A_w307,0
A,308,A_w308,0
A,309,A_w309,-1
A,310,A_w310,0
A,311,A_w311,0
A,312,A_w312,0
A,313,A_w313,0
A,314,A_w314,0
A,315,A_w315,0
A,316,A_w316,0
A,317,A_w317,0
A,318,A_w318,-1
A,319,A_w319,-1
A,320,A_w320,0
A,321,A_w321,0
A,322,A_w322,0
A,323,A_w323,0
A,324,A_w324,0
A,325,A_w325,0
A,326,A_w326,0
A,327,A_w327,0
A,328,A_w328,0
A,329,A_w329,0
A,330,A_w330,0
A,331,A_w331,0
A,332,A_w332,0
A,333,A_w333,0
A,334,A_w334,0
A,335,A_w335,0
A,336,A_w336,0
A,337,A_w337,0
A,338,A_w338,0
A,339,A_w339,-1
A,340,A_w340,0
A,341,A_w341,0
A,342,A_w342,0
A,343,A_w343,0
A,344,A_w344,0
A,345,A_w345,0
A,346,A_w346,-1
A,347,A_w347,0
A,348,A_w348,0
A,349,A_w349,0
A,350,A_w350,0
A,351,A_w351,0
A,352,A_w352,0
A,353,A_w353,0
A,354,A_w354,0
A,355,A_w355,-1
A,356,A_w356,-1
A,357,A_w357,-1
A,358,A_w358,-1
A,359,A_w359,-1
A,360,A_w360,-1
A,361,A_w361,0
A,362,A_w362,0
A,363,A_w363,0
A,364,A_w364,0
A,365,A_w365,0
A,366,A_w366,0
A,367,A_w367,0
A,368,A_w368,-1
A,369,A_w369,0
A,370,A_w370,0
A,371,A_w371,0
A,372,A_w372,0
A,373,A_w373,0
A,374,A_w374,0
A,375,A_w375,-1
A,376,A_w376,-1
A,377,A_w377,0
A,378,A_w378,0
A,379,A_w379,0
A,380,A_w380,0
A,381,A_w381,0
A,382,A_w382,0
A,383,A_w383,0
A,384,A_w384,0
A,385,A_w385,-1
A,386,A_w386,-1
A,387,A_w387,0
A,388,A_w388,0
A,389,A_w389,-1
A,390,A_w390,0
A,391,A_w391,0
A,392,A_w392,0
A,393,A_w393,0
A,394,A_w394,0
A,395,A_w395,-1
A,396,A_w396,0
A,397,A_w397,0
A,398,A_w398,-1
A,399,A_w399,-1
A,400,A_w400,-1
A,401,A_w401,-1
A,402,A_w402,-1
A,403,A_w403,-1
A,404,A_w404,0
A,405,A_w405,-1
B,0,B_w0,-1
B,1,B_w1,-1
B,2,B_w2,-1
B,3,B_w3,-1
B,4,B_w4,-1
B,5,B_w5,-1
B,6,B_w6,0
B,7,B_w7,0
B,8,B_w8,0
B,9,B_w9,-1
B,10,B_w10,-1
B,11,B_w11,-1
B,12,B_w12,0
B,13,B_w13,0
B,14,B_w14,0
B,15,B_w15,-1
B,16,B_w16,0
B,17,B_w17,-1
B,18,B_w18,-1
B,19,B_w19,-1
B,20,B_w20,0
B,21,B_w21,0
B,22,B_w22,0
B,23,B_w23,0
B,24,B_w24,0
B,25,B_w25,0
B,26,B_w26,0
B,27,B_w27,0
B,28,B_w28,0
B,29,B_w29,0
B,30,B_w30,0
B,31,B_w31,0
B,32,B_w32,0
B,33,B_w33,0
B,34,B_w34,-1
B,35,B_w35,0
B,36,B_w36,0
B,37,B_w37,0
B,38,B_w38,0
B,39,B_w39,0
B,40,B_w40,0
B,41,B_w41,0
B,42,B_w42,0
B,43,B_w43,-1
B,44,B_w44,0
B,45,B_w45,0
B,46,B_w46,0
B,47,B_w47,0
B,48,B_w48,0
B,49,B_w49,0
B,50,B_w50,0
B,51,B_w51,0
B,52,B_w52,0
B,53,B_w53,0
B,54,B_w54,0
B,55,B_w55,0
B,56,B_w56,0
B,57,B_w57,0
B,58,B_w58,0
B,59,B_w59,0
B,60,B_w60,-1
B,61,B_w61,0
B,62,B_w62,0
B,63,B_w63,0
B,64,B_w64,0
B,65,B_w65,0
B,66,B_w66,0
B,67,B_w67,-1
B,68,B_w68,0
B,69,B_w69,0
B,70,B_w70,0
B,71,B_w71,0
B,72,B_w72,0
B,73,B_w73,0
B,74,B_w74,0
B,75,B_w75,0
B,76,B_w76,0
B,77,B_w77,0
B,78,B_w78,0
B,79,B_w79,0
B,80,B_w80,0
B,81,B_w81,0
B,82,B_w82,0
B,83,B_w83,0
B,84,B_w84,0
B,85,B_w85,0
B,86,B_w86,0
B,87,B_w87,0
B,88,B_w88,0
B,89,B_w89,0
B,90,B_w90,0
B,91,B_w91,0
B,92,B_w92,0
B,93,B_w93,0
B,94,B_w94,0
B,95,B_w95,0
B,96,B_w96,0
B,97,B_w97,0
B,98,B_w98,0
B,99,B_w99,0
B,100,B_w100,0
B,101,B_w101,0
B,102,B_w102,0
B,103,B_w103,0
B,104,B_w104,0
B,105,B_w105,0
B,106,B_w106,0
B,107,B_w107,0
B,108,B_w108,0
B,109,B_w109,0
B,110,B_w110,0
B,111,B_w111,0
B,112,B_w112,0
B,113,B_w113,0
B,114,B_w114,0
B,115,B_w115,0
B,116,B_w116,0
B,117,B_w117,0
B,118,B_w118,0
B,119,B_w119,0
B,120,B_w120,0
B,121,B_w121,0
B,122,B_w122,0
B,123,B_w123,0
B,124,B_w124,0
B,125,B_w125,0
B,126,B_w126,0
B,127,B_w127,0
B,128,B_w128,0
B,129,B_w129,0
B,130,B_w130,0
B,131,B_w131,0
B,132,B_w132,0
B,133,B_w133,0
B,134,B_w134,0
B,135,B_w135,0
B,136,B_w136,0
B,137,B_w137,0
B,138,B_w138,0
B,139,B_w139,0
B,140,B_w140,0
B,141,B_w141,0
B,142,B_w142,0
B,143,B_w143,0
B,144,B_w144,0
B,145,B_w145,0
B,146,B_w146,0
B,147,B_w147,0
B,148,B_w148,0
B,149,B_w149,0
B,150,B_w150,0
B,151,B_w151,0
B,152,B_w152,0
B,153,B_w153,0
B,154,B_w154,0
B,155,B_w155,0
B,156,B_w156,0
B,157,B_w157,0
B,158,B_w158,0
B,159,B_w159,0
B,160,B_w160,0
B,161,B_w161,0
B,162,B_w162,0
B,163,B_w163,0
B,164,B_w164,0
B,165,B_w165,0
B,166,B_w166,0
B,167,B_w167,0
B,168,B_w168,0
B,169,B_w169,0
B,170,B_w170,0
B,171,B_w171,0
B,172,B_w172,0
B,173,B_w173,0
B,174,B_w174,0
B,175,B_w175,0
B,176,B_w176,0
B,177,B_w177,0
B,178,B_w178,0
B,179,B_w179,0
B,180,B_w180,0
B,181,B_w181,0
B,182,B_w182,0
B,183,B_w183,0
B,184,B_w184,0
B,185,B_w185,0
B,186,B_w186,0
B,187,B_w187,0
B,188,B_w188,0
B,189,B_w189,0
B,190,B_w190,0
B,191,B_w191,0
B,192,B_w192,0
B,193,B_w193,0
B,194,B_w194,0
B,195,B_w195,0
B,196,B_w196,0
B,197,B_w197,0
B,198,B_w198,0
B,199,B_w199,0
B,200,B_w200,0
B,201,B_w201,0
B,202,B_w202,0
B,203,B_w203,0
B,204,B_w204,0
B,205,B_w205,0
B,206,B_w206,0
B,207,B_w207,0
B,208,B_w208,0
B,209,B_w209,0
B,210,B_w210,0
B,211,B_w211,0
B,212,B_w212,0
B,213,B_w213,0
B,214,B_w214,0
B,215,B_w215,0
B,216,B_w216,0
B,217,B_w217,0
B,218,B_w218,0
B,219,B_w219,0
B,220,B_w220,0
B,221,B_w221,0
B,222,B_w222,0
B,223,B_w223,0
B,224,B_w224,0
B,225,B_w225,0
B,226,B_w226,0
B,227,B_w227,0
B,228,B_w228,0
B,229,B_w229,0
B,230,B_w230,0
B,231,B_w231,0
B,232,B_w232,0
B,233,B_w233,0
B,234,B_w234,0
B,235,B_w235,0
B,236,B_w236,0
B,237,B_w237,0
B,238,B_w238,0
B,239,B_w239,0
B,240,B_w240,0
B,241,B_w241,0
B,242,B_w242,0
B,243,B_w243,0
B,244,B_w244,0
B,245,B_w245,0
B,246,B_w246,0
B,247,B_w247,0
B,248,B_w248,0
B,249,B_w249,0
B,250,B_w250,0
B,251,B_w251,0
B,252,B_w252,0
B,253,B_w253,0
B,254,B_w254,0
B,255,B_w255,0
B,256,B_w256,0
B,257,B_w257,0
B,258,B_w258,0
B,259,B_w259,0
B,260,B_w260,0
B,261,B_w261,0
B,262,B_w262,0
B,263,B_w263,0
B,264,B_w264,0
B,265,B_w265,0
B,266,B_w266,0
B,267,B_w267,0
B,268,B_w268,0
B,269,B_w269,0
B,270,B_w270,0
B,271,B_w271,0
B,272,B_w272,0
B,273,B_w273,0
B,274,B_w274,0
B,275,B_w275,0
B,276,B_w276,0
B,277,B_w277,0
B,278,B_w278,0
B,279,B_w279,0
B,280,B_w280,0
B,281,B_w281,0
B,282,B_w282,0
B,283,B_w283,0
B,284,B_w284,0
B,285,B_w285,0
B,286,B_w286,0
B,287,B_w287,0
B,288,B_w288,0
B,289,B_w289,0
B,290,B_w290,0
B,291,B_w291,0
B,292,B_w292,0
B,293,B_w293,0
B,294,B_w294,0
B,295,B_w295,0
B,296,B_w296,0
B,297,B_w297,0
B,298,B_w298,0
B,299,B_w299,0
B,300,B_w300,0
B,301,B_w301,0
B,302,B_w302,0
B,303,B_w303,0
B,304,B_w304,0
B,305,B_w305,0
B,306,B_w306,0
B,307,B_w307,0
B,308,B_w308,0
B,309,B_w309,0
B,310,B_w310,0
B,311,B_w311,0
B,312,B_w312,0
B,313,B_w313,0
B,314,B_w314,0
B,315,B_w315,0
B,316,B_w316,0
B,317,B_w317,0
B,318,B_w318,0
B,319,B_w319,0
B,320,B_w320,0
B,321,B_w321,0
B,322,B_w322,0
B,323,B_w323,0
B,324,B_w324,0
B,325,B_w325,0
B,326,B_w326,0
B,327,B_w327,0
B,328,B_w328,0
B,329,B_w329,0
B,330,B_w330,0
B,331,B_w331,0
B,332,B_w332,0
B,333,B_w333,0
B,334,B_w334,0
B,335,B_w335,0
B,336,B_w336,0
B,337,B_w337,0
B,338,B_w338,0
B,339,B_w339,0
B,340,B_w340,0
B,341,B_w341,0
B,342,B_w342,0
B,343,B_w343,0
B,344,B_w344,0
B,345,B_w345,0
B,346,B_w346,0
B,347,B_w347,0
B,348,B_w348,0
B,349,B_w349,0
B,350,B_w350,0
B,351,B_w351,0
B,352,B_w352,0
B,353,B_w353,0
B,354,B_w354,0
B,355,B_w355,0
B,356,B_w356,0
B,357,B_w357,0
B,358,B_w358,0
B,359,B_w359,0
B,360,B_w360,0
B,361,B_w361,0
B,362,B_w362,0
B,363,B_w363,0
B,364,B_w364,0
B,365,B_w365,0
B,366,B_w366,0
B,367,B_w367,0
B,368,B_w368,0
B,369,B_w369,0
B,370,B_w370,0
B,371,B_w371,0
B,372,B_w372,0
B,373,B_w373,0
B,374,B_w374,-1
B,375,B_w375,0
B,376,B_w376,0
B,377,B_w377,0
B,378,B_w378,0
B,379,B_w379,0
B,380,B_w380,0
B,381,B_w381,0
B,382,B_w382,0
B,383,B_w383,0
B,384,B_w384,0
B,385,B_w385,0
B,386,B_w386,0
B,387,B_w387,0
B,388,B_w388,0
B,389,B_w389,0
B,390,B_w390,0
B,391,B_w391,0
B,392,B_w392,0
B,393,B_w393,0
B,394,B_w394,0
B,395,B_w395,0
B,396,B_w396,0
B,397,B_w397,0
B,398,B_w398,0
B,399,B_w399,0
B,400,B_w400,0
B,401,B_w401,0
B,402,B_w402,0
B,403,B_w403,0
B,404,B_w404,0
B,405,B_w405,0
B,406,B_w406,0
B,407,B_w407,0
B,408,B_w408,0
B,409,B_w409,0
B,410,B_w410,0
B,411,B_w411,-1
B,412,B_w412,0
B,413,B_w413,0
B,414,B_w414,0
B,415,B_w415,0
B,416,B_w416,-1
B,417,B_w417,0
B,418,B_w418,0
B,419,B_w419,0
B,420,B_w420,0
B,421,B_w421,0
B,422,B_w422,0
B,423,B_w423,0
B,424,B_w424,0
B,425,B_w425,0
B,426,B_w426,0
B,427,B_w427,0
B,428,B_w428,0
B,429,B_w429,0
B,430,B_w430,0
B,431,B_w431,0
B,432,B_w432,0
B,433,B_w433,0
B,434,B_w434,0
B,435,B_w435,0
B,436,B_w436,0
B,437,B_w437,0
B,438,B_w438,0
B,439,B_w439,0
B,440,B_w440,0
B,441,B_w441,0
B,442,B_w442,0
B,443,B_w443,0
B,444,B_w444,-1
B,445,B_w445,0
B,446,B_w446,0
B,447,B_w447,0
B,448,B_w448,0
B,449,B_w449,0
B,450,B_w450,0
B,451,B_w451,0
B,452,B_w452,0
B,453,B_w453,0
B,454,B_w454,0
B,455,B_w455,0
B,456,B_w456,0
B,457,B_w457,0
B,458,B_w458,0
B,459,B_w459,0
B,460,B_w460,0
B,461,B_w461,0
B,462,B_w462,0
B,463,B_w463,0
B,464,B_w464,0
B,465,B_w465,0
B,466,B_w466,0
B,467,B_w467,0
B,468,B_w468,0
B,469,B_w469,0
B,470,B_w470,0
B,471,B_w471,0
B,472,B_w472,0
B,473,B_w473,0
B,474,B_w474,0
B,475,B_w475,0
B,476,B_w476,0
B,477,B_w477,0
B,478,B_w478,0
B,479,B_w479,0
B,480,B_w480,0
B,481,B_w481,0
B,482,B_w482,0
B,483,B_w483,0
B,484,B_w484,0
B,485,B_w485,0
B,486,B_w486,0
B,487,B_w487,0
B,488,B_w488,0
B,489,B_w489,0
B,490,B_w490,0
B,491,B_w491,0
B,492,B_w492,0
B,493,B_w493,0
B,494,B_w494,0
B,495,B_w495,0
B,496,B_w496,0
B,497,B_w497,0
B,498,B_w498,0
B,499,B_w499,0
B,500,B_w500,0
B,501,B_w501,0
B,502,B_w502,0
B,503,B_w503,0
B,504,B_w504,0
B,505,B_w505,0
B,506,B_w506,0
B,507,B_w507,0
B,508,B_w508,0
B,509,B_w509,0
B,510,B_w510,0
C,0,C_w0,-1
C,1,C_w1,0
C,2,C_w2,0
C,3,C_w3,0
C,4,C_w4,0
C,5,C_w5,0
C,6,C_w6,0
C,7,C_w7,0
C,8,C_w8,0
C,9,C_w9,0
C,10,C_w10,0
C,11,C_w11,0
C,12,C_w12,0
C,13,C_w13,0
C,14,C_w14,0
C,15,C_w15,0
C,16,C_w16,0
C,17,C_w17,0
C,18,C_w18,0
C,19,C_w19,0
C,20,C_w20,0
C,21,C_w21,0
C,22,C_w22,0
C,23,C_w23,0
C,24,C_w24,0
C,25,C_w25,0
C,26,C_w26,0
C,27,C_w27,0
C,28,C_w28,0
C,29,C_w29,0
C,30,C_w30,0
C,31,C_w31,0
C,32,C_w32,0
C,33,C_w33,-1
C,34,C_w34,0
C,35,C_w35,-1
C,36,C_w36,0
C,37,C_w37,0
C,38,C_w38,0
C,39,C_w39,0
C,40,C_w40,0
C,41,C_w41,0
C,42,C_w42,0
C,43,C_w43,0
C,44,C_w44,0
C,45,C_w45,0
C,46,C_w46,0
C,47,C_w47,0
C,48,C_w48,0
C,49,C_w49,0
C,50,C_w50,0
C,51,C_w51,0
C,52,C_w52,0
C,53,C_w53,0
C,54,C_w54,0
C,55,C_w55,0
C,56,C_w56,0
C,57,C_w57,0
C,58,C_w58,0
C,59,C_w59,0
C,60,C_w60,0
C,61,C_w61,0
C,62,C_w62,0
C,63,C_w63,0
C,64,C_w64,0
C,65,C_w65,0
C,66,C_w66,0
C,67,C_w67,0
C,68,C_w68,0
C,69,C_w69,0
C,70,C_w70,0
C,71,C_w71,-1
C,72,C_w72,0
C,73,C_w73,0
C,74,C_w74,0
C,75,C_w75,0
C,76,C_w76,-1
C,77,C_w77,-1
C,78,C_w78,-1
C,79,C_w79,0
C,80,C_w80,0
C,81,C_w81,0
C,82,C_w82,0
C,83,C_w83,0
C,84,C_w84,0
C,85,C_w85,-1
C,86,C_w86,0
C,87,C_w87,0
C,88,C_w88,0
C,89,C_w89,0
C,90,C_w90,0
C,91,C_w91,0
C,92,C_w92,0
C,93,C_w93,0
C,94,C_w94,0
C,95,C_w95,0
C,96,C_w96,0
C,97,C_w97,0
C,98,C_w98,0
C,99,C_w99,0
C,100,C_w100,-1
C,101,C_w101,0
C,102,C_w102,0
C,103,C_w103,0
C,104,C_w104,0
C,105,C_w105,0
C,106,C_w106,0
C,107,C_w107,0
C,108,C_w108,0
C,109,C_w109,0
C,110,C_w110,-1
C,111,C_w111,0
C,112,C_w112,0
C,113,C_w113,0
C,114,C_w114,0
C,115,C_w115,0
C,116,C_w116,0
C,117,C_w117,0
C,118,C_w118,0
C,119,C_w119,0
C,120,C_w120,0
C,121,C_w121,0
C,122,C_w122,0
C,123,C_w123,0
C,124,C_w124,0
C,125,C_w125,0
C,126,C_w126,0
C,127,C_w127,0
C,128,C_w128,0
C,129,C_w129,0
C,130,C_w130,0
C,131,C_w131,0
C,132,C_w132,0
C,133,C_w133,0
C,134,C_w134,0
C,135,C_w135,-1
C,136,C_w136,0
C,137,C_w137,0
C,138,C_w138,0
C,139,C_w139,0
C,140,C_w140,0
C,141,C_w141,0
C,142,C_w142,0
C,143,C_w143,-1
C,144,C_w144,0
C,145,C_w145,-1
C,146,C_w146,0
C,147,C_w147,0
C,148,C_w148,0
C,149,C_w149,0
C,150,C_w150,0
C,151,C_w151,0
C,152,C_w152,0
C,153,C_w153,0
C,154,C_w154,0
C,155,C_w155,0
C,156,C_w156,0
C,157,C_w157,0
C,158,C_w158,0
C,159,C_w159,0
C,160,C_w160,0
C,161,C_w161,0
C,162,C_w162,0
C,163,C_w163,0
C,164,C_w164,0
C,165,C_w165,0
C,166,C_w166,0
C,167,C_w167,0
C,168,C_w168,0
C,169,C_w169,0
C,170,C_w170,0
C,171,C_w171,0
C,172,C_w172,0
C,173,C_w173,0
C,174,C_w174,0
C,175,C_w175,0
C,176,C_w176,0
C,177,C_w177,0
C,178,C_w178,0
C,179,C_w179,0
C,180,C_w180,0
C,181,C_w181,0
C,182,C_w182,0
C,183,C_w183,0
C,184,C_w184,0
C,185,C_w185,0
C,186,C_w186,0
C,187,C_w187,0
C,188,C_w188,0
C,189,C_w189,0
C,190,C_w190,0
C,191,C_w191,0
C,192,C_w192,0
C,193,C_w193,0
C,194,C_w194,0
C,195,C_w195,0
C,196,C_w196,0
C,197,C_w197,0
C,198,C_w198,0
C,199,C_w199,0
C,200,C_w200,0
C,201,C_w201,0
C,202,C_w202,0
C,203,C_w203,0
C,204,C_w204,0
C,205,C_w205,0
C,206,C_w206,0
C,207,C_w207,0
C,208,C_w208,0
C,209,C_w209,0
C,210,C_w210,0
C,211,C_w211,0
C,212,C_w212,0
C,213,C_w213,0
C,214,C_w214,0
C,215,C_w215,0
C,216,C_w216,0
C,217,C_w217,0
C,218,C_w218,0
C,219,C_w219,0
C,220,C_w220,0
C,221,C_w221,0
C,222,C_w222,0
C,223,C_w223,0
C,224,C_w224,0
C,225,C_w225,0
C,226,C_w226,0
C,227,C_w227,0
C,228,C_w228,0
C,229,C_w229,0
C,230,C_w230,0
C,231,C_w231,0
C,232,C_w232,0
C,233,C_w233,0
C,234,C_w234,0
C,235,C_w235,0
C,236,C_w236,0
C,237,C_w237,0
C,238,C_w238,0
C,239,C_w239,0
C,240,C_w240,0
C,241,C_w241,0
C,242,C_w242,0
C,243,C_w243,0
C,244,C_w244,0
C,245,C_w245,0
C,246,C_w246,0
C,247,C_w247,0
C,248,C_w248,0
C,249,C_w249,0
C,250,C_w250,0
C,251,C_w251,0
C,252,C_w252,0
C,253,C_w253,0
C,254,C_w254,0
C,255,C_w255,0
C,256,C_w256,0
C,257,C_w257,0
C,258,C_w258,0
C,259,C_w259,0
C,260,C_w260,0
C,261,C_w261,0
C,262,C_w262,0
C,263,C_w263,0
C,264,C_w264,0
C,265,C_w265,0
C,266,C_w266,0
C,267,C_w267,0
C,268,C_w268,0
C,269,C_w269,0
C,270,C_w270,0
C,271,C_w271,0
C,272,C_w272,0
C,273,C_w273,0
C,274,C_w274,0
C,275,C_w275,0
C,276,C_w276,0
C,277,C_w277,0
C,278,C_w278,0
C,279,C_w279,0
C,280,C_w280,0
C,281,C_w281,-1
C,282,C_w282,-1
C,283,C_w283,-1
C,284,C_w284,0
C,285,C_w285,0
C,286,C_w286,0
C,287,C_w287,0
C,288,C_w288,-1
C,289,C_w289,0
C,290,C_w290,-1
C,291,C_w291,-1
C,292,C_w292,0
C,293,C_w293,0
C,294,C_w294,0
C,295,C_w295,0
C,296,C_w296,0
C,297,C_w297,0
C,298,C_w298,0
C,299,C_w299,0
C,300,C_w300,0
C,301,C_w301,0
C,302,C_w302,0
C,303,C_w303,0
C,304,C_w304,0
C,305,C_w305,0
C,306,C_w306,0
C,307,C_w307,0
C,308,C_w308,0
C,309,C_w309,0
C,310,C_w310,0
C,311,C_w311,0
C,312,C_w312,0
C,313,C_w313,0
C,314,C_w314,0
C,315,C_w315,0
C,316,C_w316,-1
C,317,C_w317,0
C,318,C_w318,-1
C,319,C_w319,0
C,320,C_w320,0
C,321,C_w321,0
C,322,C_w322,-1
C,323,C_w323,0
C,324,C_w324,0
C,325,C_w325,0
C,326,C_w326,0
C,327,C_w327,0
C,328,C_w328,0
C,329,C_w329,0
C,330,C_w330,0
C,331,C_w331,0
C,332,C_w332,0
C,333,C_w333,0
C,334,C_w334,0
C,335,C_w335,0
C,336,C_w336,0
C,337,C_w337,0
C,338,C_w338,0
C,339,C_w339,0
C,340,C_w340,0
C,341,C_w341,0
C,342,C_w342,0
C,343,C_w343,-1
C,344,C_w344,0
C,345,C_w345,0
C,346,C_w346,0
C,347,C_w347,0
C,348,C_w348,0
C,349,C_w349,0
C,350,C_w350,0
C,351,C_w351,0
C,352,C_w352,0
C,353,C_w353,0
C,354,C_w354,0
C,355,C_w355,0
C,356,C_w356,0
C,357,C_w357,0
C,358,C_w358,0
C,359,C_w359,0
C,360,C_w360,0
C,361,C_w361,-1
C,362,C_w362,0
C,363,C_w363,0
C,364,C_w364,-1
C,365,C_w365,0
C,366,C_w366,0
C,367,C_w367,0
C,368,C_w368,-1
C,369,C_w369,0
C,370,C_w370,-1
C,371,C_w371,0
C,372,C_w372,0
C,373,C_w373,0
C,374,C_w374,0
C,375,C_w375,0
C,376,C_w376,-1
C,377,C_w377,-1
C,378,C_w378,-1
C,379,C_w379,0
C,380,C_w380,-1
C,381,C_w381,-1
C,382,C_w382,0
C,383,C_w383,0
C,384,C_w384,0
C,385,C_w385,-1
C,386,C_w386,-1
C,387,C_w387,0
C,388,C_w388,0
C,389,C_w389,-1
C,390,C_w390,-1
C,391,C_w391,-1
C,392,C_w392,-1
C,393,C_w393,-1
C,394,C_w394,0
C,395,C_w395,0
C,396,C_w396,0
C,397,C_w397,0
C,398,C_w398,0
C,399,C_w399,0
C,400,C_w400,0
C,401,C_w401,0
C,402,C_w402,0
C,403,C_w403,0
D,0,D_w0,-1
D,1,D_w1,-1
D,2,D_w2,-1
D,3,D_w3,-1
D,4,D_w4,-1
D,5,D_w5,-1
D,6,D_w6,0
D,7,D_w7,0
D,8,D_w8,0
D,9,D_w9,-1
D,10,D_w10,-1
D,11,D_w11,-1
D,12,D_w12,-1
D,13,D_w13,-1
D,14,D_w14,0
D,15,D_w15,0
D,16,D_w16,0
D,17,D_w17,0
D,18,D_w18,0
D,19,D_w19,0
D,20,D_w20,0
D,21,D_w21,0
D,22,D_w22,0
D,23,D_w23,0
D,24,D_w24,0
D,25,D_w25,0
D,26,D_w26,0
D,27,D_w27,0
D,28,D_w28,0
D,29,D_w29,0
D,30,D_w30,0
D,31,D_w31,0
D,32,D_w32,0
D,33,D_w33,0
D,34,D_w34,0
D,35,D_w35,0
D,36,D_w36,0
D,37,D_w37,0
D,38,D_w38,0
D,39,D_w39,0
D,40,D_w40,0
D,41,D_w41,0
D,42,D_w42,0
D,43,D_w43,0
D,44,D_w44,0
D,45,D_w45,0
D,46,D_w46,0
D,47,D_w47,0
D,48,D_w48,0
D,49,D_w49,0
D,50,D_w50,0
D,51,D_w51,0
D,52,D_w52,0
D,53,D_w53,0
D,54,D_w54,0
D,55,D_w55,0
D,56,D_w56,0
D,57,D_w57,0
D,58,D_w58,0
D,59,D_w59,0
D,60,D_w60,0
D,61,D_w61,0
D,62,D_w62,0
D,63,D_w63,0
D,64,D_w64,0
D,65,D_w65,0
D,66,D_w66,0
D,67,D_w67,0
D,68,D_w68,0
D,69,D_w69,0
D,70,D_w70,0
D,71,D_w71,0
D,72,D_w72,0
D,73,D_w73,0
D,74,D_w74,0
D,75,D_w75,0
D,76,D_w76,0
D,77,D_w77,0
D,78,D_w78,0
D,79,D_w79,0
D,80,D_w80,0
D,81,D_w81,0
D,82,D_w82,0
D,83,D_w83,0
D,84,D_w84,0
D,85,D_w85,0
D,86,D_w86,0
D,87,D_w87,0
D,88,D_w88,0
D,89,D_w89,0
D,90,D_w90,0
D,91,D_w91,0
D,92,D_w92,0
D,93,D_w93,0
D,94,D_w94,0
D,95,D_w95,0
D,96,D_w96,0
D,97,D_w97,0
D,98,D_w98,0
D,99,D_w99,0
D,100,D_w100,0
D,101,D_w101,0
D,102,D_w102,0
D,103,D_w103,0
D,104,D_w104,0
D,105,D_w105,0
D,106,D_w106,0
D,107,D_w107,0
D,108,D_w108,0
D,109,D_w109,0
D,110,D_w110,0
D,111,D_w111,0
D,112,D_w112,0
D,113,D_w113,0
D,114,D_w114,0
D,115,D_w115,0
D,116,D_w116,0
D,117,D_w117,0
D,118,D_w118,0
D,119,D_w119,0
D,120,D_w120,0
D,121,D_w121,0
D,122,D_w122,0
D,123,D_w123,0
D,124,D_w124,0
D,125,D_w125,0
D,126,D_w126,0
D,127,D_w127,0
D,128,D_w128,0
D,129,D_w129,0
D,130,D_w130,0
D,131,D_w131,0
D,132,D_w132,0
D,133,D_w133,0
D,134,D_w134,0
D,135,D_w135,0
D,136,D_w136,0
D,137,D_w137,0
D,138,D_w138,0
D,139,D_w139,0
D,140,D_w140,0
D,141,D_w141,0
D,142,D_w142,0
D,143,D_w143,0
D,144,D_w144,0
D,145,D_w145,0
D,146,D_w146,0
D,147,D_w147,0
D,148,D_w148,0
D,149,D_w149,0
D,150,D_w150,0
D,151,D_w151,-1
D,152,D_w152,0
D,153,D_w153,0
D,154,D_w154,0
D,155,D_w155,0
D,156,D_w156,0
D,157,D_w157,-1
D,158,D_w158,0
D,159,D_w159,0
D,160,D_w160,0
D,161,D_w161,0
D,162,D_w162,0
D,163,D_w163,0
D,164,D_w164,0
D,165,D_w165,0
D,166,D_w166,0
D,167,D_w167,0
D,168,D_w168,0
D,169,D_w169,0
D,170,D_w170,0
D,171,D_w171,0
D,172,D_w172,0
D,173,D_w173,0
D,174,D_w174,0
D,175,D_w175,0
D,176,D_w176,0
D,177,D_w177,0
D,178,D_w178,0
D,179,D_w179,0
D,180,D_w180,0
D,181,D_w181,0
D,182,D_w182,0
D,183,D_w183,0
D,184,D_w184,0
D,185,D_w185,0
D,186,D_w186,0
D,187,D_w187,0
D,188,D_w188,0
D,189,D_w189,0
D,190,D_w190,0
D,191,D_w191,0
D,192,D_w192,0
D,193,D_w193,0
D,194,D_w194,0
D,195,D_w195,0
D,196,D_w196,0
D,197,D_w197,0
D,198,D_w198,0
D,199,D_w199,0
D,200,D_w200,0
D,201,D_w201,0
D,202,D_w202,0
D,203,D_w203,0
D,204,D_w204,0
D,205,D_w205,0
D,206,D_w206,0
D,207,D_w207,0
D,208,D_w208,0
D,209,D_w209,0
D,210,D_w210,0
D,211,D_w211,0
D,212,D_w212,0
D,213,D_w213,0
D,214,D_w214,0
D,215,D_w215,0
D,216,D_w216,0
D,217,D_w217,0
D,218,D_w218,0
D,219,D_w219,0
D,220,D_w220,0
D,221,D_w221,0
D,222,D_w222,0
D,223,D_w223,0
D,224,D_w224,0
D,225,D_w225,0
D,226,D_w226,0
D,227,D_w227,0
D,228,D_w228,0
D,229,D_w229,0
D,230,D_w230,0
D,231,D_w231,0
D,232,D_w232,0
D,233,D_w233,0
D,234,D_w234,0
D,235,D_w235,0
D,236,D_w236,0
D,237,D_w237,0
D,238,D_w238,0
D,239,D_w239,0
D,240,D_w240,0
D,241,D_w241,0
D,242,D_w242,0
D,243,D_w243,0
D,244,D_w244,0
D,245,D_w245,0
D,246,D_w246,0
D,247,D_w247,0
D,248,D_w248,0
D,249,D_w249,0
D,250,D_w250,0
D,251,D_w251,0
D,252,D_w252,0
D,253,D_w253,0
D,254,D_w254,0
D,255,D_w255,0
D,256,D_w256,0
D,257,D_w257,0
D,258,D_w258,0
D,259,D_w259,0
D,260,D_w260,0
D,261,D_w261,0
D,262,D_w262,0
D,263,D_w263,0
D,264,D_w264,-1
D,265,D_w265,0
D,266,D_w266,0
D,267,D_w267,0
D,268,D_w268,0
D,269,D_w269,0
D,270,D_w270,0
D,271,D_w271,0
D,272,D_w272,0
D,273,D_w273,0
D,274,D_w274,0
D,275,D_w275,0
D,276,D_w276,0
D,277,D_w277,0
D,278,D_w278,0
D,279,D_w279,0
D,280,D_w280,0
D,281,D_w281,0
D,282,D_w282,0
D,283,D_w283,0
D,284,D_w284,0
D,285,D_w285,0
D,286,D_w286,0
D,287,D_w287,0
D,288,D_w288,0
D,289,D_w289,0
D,290,D_w290,0
D,291,D_w291,0
D,292,D_w292,0
D,293,D_w293,0
D,294,D_w294,0
D,295,D_w295,0
D,296,D_w296,0
D,297,D_w297,0
D,298,D_w298,0
D,299,D_w299,0
D,300,D_w300,0
D,301,D_w301,0
D,302,D_w302,0
D,303,D_w303,0
D,304,D_w304,0
D,305,D_w305,0
D,306,D_w306,0
D,307,D_w307,0
D,308,D_w308,0
D,309,D_w309,0
D,310,D_w310,0
D,311,D_w311,0
D,312,D_w312,0
D,313,D_w313,0
D,314,D_w314,0
D,315,D_w315,0
D,316,D_w316,0
D,317,D_w317,0
D,318,D_w318,0
D,319,D_w319,0
D,320,D_w320,0
D,321,D_w321,0
D,322,D_w322,0
D,323,D_w323,0
D,324,D_w324,0
D,325,D_w325,0
D,326,D_w326,0
D,327,D_w327,0
D,328,D_w328,0
D,329,D_w329,0
D,330,D_w330,0
D,331,D_w331,0
D,332,D_w332,0
D,333,D_w333,0
D,334,D_w334,0
D,335,D_w335,0
D,336,D_w336,0
D,337,D_w337,0
D,338,D_w338,-1
D,339,D_w339,0
D,340,D_w340,0
D,341,D_w341,0
D,342,D_w342,0
D,343,D_w343,-1
D,344,D_w344,0
D,345,D_w345,0
D,346,D_w346,0
D,347,D_w347,0
D,348,D_w348,0
D,349,D_w349,0
D,350,D_w350,0
D,351,D_w351,0
D,352,D_w352,0
D,353,D_w353,0
D,354,D_w354,0
D,355,D_w355,0
D,356,D_w356,0
D,357,D_w357,0
D,358,D_w358,0
D,359,D_w359,0
D,360,D_w360,0
D,361,D_w361,0
D,362,D_w362,0
D,363,D_w363,0
D,364,D_w364,0
D,365,D_w365,0
D,366,D_w366,0
D,367,D_w367,0
D,368,D_w368,0
D,369,D_w369,0
D,370,D_w370,0
D,371,D_w371,0
D,372,D_w372,0
D,373,D_w373,0
D,374,D_w374,0
D,375,D_w375,0
D,376,D_w376,0
D,377,D_w377,0
D,378,D_w378,0
D,379,D_w379,0
D,380,D_w380,0
D,381,D_w381,0
D,382,D_w382,0
D,383,D_w383,0
D,384,D_w384,0
D,385,D_w385,0
D,386,D_w386,0
D,387,D_w387,0
D,388,D_w388,0
D,389,D_w389,0
D,390,D_w390,0
D,391,D_w391,0
D,392,D_w392,0
D,393,D_w393,0
D,394,D_w394,0
D,395,D_w395,0
D,396,D_w396,0
D,397,D_w397,0
D,398,D_w398,0
D,399,D_w399,0
D,400,D_w400,0
D,401,D_w401,0
D,402,D_w402,0
D,403,D_w403,0
D,404,D_w404,0
D,405,D_w405,0
D,406,D_w406,0
D,407,D_w407,0
D,408,D_w408,0
D,409,D_w409,0
D,410,D_w410,0
D,411,D_w411,0
D,412,D_w412,0
D,413,D_w413,0
D,414,D_w414,0
D,415,D_w415,0
D,416,D_w416,0
D,417,D_w417,0
D,418,D_w418,0
D,419,D_w419,0
D,420,D_w420,0
D,421,D_w421,0
D,422,D_w422,0
D,423,D_w423,0
D,424,D_w424,0
D,425,D_w425,0
D,426,D_w426,0
D,427,D_w427,0
D,428,D_w428,0
D,429,D_w429,0
D,430,D_w430,0
D,431,D_w431,0
D,432,D_w432,0
D,433,D_w433,0
D,434,D_w434,0
D,435,D_w435,0
D,436,D_w436,-1
D,437,D_w437,0
D,438,D_w438,0
D,439,D_w439,0
D,440,D_w440,0
D,441,D_w441,0
D,442,D_w442,0
D,443,D_w443,0
D,444,D_w444,-1
D,445,D_w445,0
D,446,D_w446,0
D,447,D_w447,0
D,448,D_w448,0
D,449,D_w449,0
D,450,D_w450,0
D,451,D_w451,0
D,452,D_w452,0
D,453,D_w453,0
D,454,D_w454,0
D,455,D_w455,0
D,456,D_w456,0
D,457,D_w457,0
D,458,D_w458,0
D,459,D_w459,-1
D,460,D_w460,0
D,461,D_w461,0
D,462,D_w462,0
D,463,D_w463,0
D,464,D_w464,0
D,465,D_w465,0
D,466,D_w466,0
D,467,D_w467,0
D,468,D_w468,0
D,469,D_w469,0
D,470,D_w470,-1
D,471,D_w471,0
D,472,D_w472,0
D,473,D_w473,0
D,474,D_w474,0
D,475,D_w475,0
D,476,D_w476,-1
D,477,D_w477,-1
D,478,D_w478,0
D,479,D_w479,0
D,480,D_w480,0
D,481,D_w481,0
D,482,D_w482,0
D,483,D_w483,0
D,484,D_w484,0
D,485,D_w485,-1
D,486,D_w486,0
D,487,D_w487,0
D,488,D_w488,0
D,489,D_w489,0
D,490,D_w490,0
D,491,D_w491,0
D,492,D_w492,0
D,493,D_w493,0
D,494,D_w494,-1
D,495,D_w495,0
D,496,D_w496,0
D,497,D_w497,0
D,498,D_w498,0
D,499,D_w499,0
D,500,D_w500,0
D,501,D_w501,0
D,502,D_w502,0
D,503,D_w503,0
D,504,D_w504,0
D,505,D_w505,0
D,506,D_w506,0
D,507,D_w507,0
D,508,D_w508,-1
D,509,D_w509,-1
D,510,D_w510,0
D,511,D_w511,0
D,512,D_w512,0
D,513,D_w513,0
D,514,D_w514,0
D,515,D_w515,0
D,516,D_w516,0
D,517,D_w517,0
D,518,D_w518,-1
D,519,D_w519,0
D,520,D_w520,-1
D,521,D_w521,-1
D,522,D_w522,0
D,523,D_w523,0
D,524,D_w524,-1
D,525,D_w525,-1
D,526,D_w526,0
E,0,E_w0,-1
E,1,E_w1,0
E,2,E_w2,0
E,3,E_w3,0
E,4,E_w4,0
E,5,E_w5,0
E,6,E_w6,0
E,7,E_w7,0
E,8,E_w8,0
E,9,E_w9,0
E,10,E_w10,0
E,11,E_w11,0
E,12,E_w12,0
E,13,E_w13,0
E,14,E_w14,0
E,15,E_w15,0
E,16,E_w16,0
E,17,E_w17,0
E,18,E_w18,0
E,19,E_w19,0
E,20,E_w20,0
E,21,E_w21,0
E,22,E_w22,0
E,23,E_w23,-1
E,24,E_w24,0
E,25,E_w25,0
E,26,E_w26,0
E,27,E_w27,0
E,28,E_w28,0
E,29,E_w29,0
E,30,E_w30,0
E,31,E_w31,0
E,32,E_w32,0
E,33,E_w33,0
E,34,E_w34,0
E,35,E_w35,0
E,36,E_w36,0
E,37,E_w37,0
E,38,E_w38,0
E,39,E_w39,0
E,40,E_w40,0
E,41,E_w41,-1
E,42,E_w42,-1
E,43,E_w43,0
E,44,E_w44,0
E,45,E_w45,0
E,46,E_w46,0
E,47,E_w47,0
E,48,E_w48,0
E,49,E_w49,0
E,50,E_w50,0
E,51,E_w51,0
E,52,E_w52,0
E,53,E_w53,0
E,54,E_w54,0
E,55,E_w55,0
E,56,E_w56,0
E,57,E_w57,0
E,58,E_w58,0
E,59,E_w59,0
E,60,E_w60,0
E,61,E_w61,0
E,62,E_w62,0
E,63,E_w63,0
E,64,E_w64,0
E,65,E_w65,0
E,66,E_w66,0
E,67,E_w67,0
E,68,E_w68,0
E,69,E_w69,0
E,70,E_w70,0
E,71,E_w71,0
E,72,E_w72,0
E,73,E_w73,0
E,74,E_w74,0
E,75,E_w75,0
E,76,E_w76,0
E,77,E_w77,0
E,78,E_w78,0
E,79,E_w79,0
E,80,E_w80,0
E,81,E_w81,0
E,82,E_w82,0
E,83,E_w83,0
E,84,E_w84,0
E,85,E_w85,0
E,86,E_w86,0
E,87,E_w87,0
E,88,E_w88,0
E,89,E_w89,0
E,90,E_w90,0
E,91,E_w91,0
E,92,E_w92,0
E,93,E_w93,0
E,94,E_w94,0
E,95,E_w95,0
E,96,E_w96,0
E,97,E_w97,0
E,98,E_w98,0
E,99,E_w99,0
E,100,E_w100,0
E,101,E_w101,0
E,102,E_w102,0
E,103,E_w103,0
E,104,E_w104,0
E,105,E_w105,0
E,106,E_w106,0
E,107,E_w107,0
E,108,E_w108,0
E,109,E_w109,0
E,110,E_w110,0
E,111,E_w111,0
E,112,E_w112,0
E,113,E_w113,0
E,114,E_w114,-1
E,115,E_w115,0
E,116,E_w116,0
E,117,E_w117,0
E,118,E_w118,0
E,119,E_w119,0
E,120,E_w120,0
E,121,E_w121,0
E,122,E_w122,0
E,123,E_w123,0
E,124,E_w124,-1
E,125,E_w125,0
E,126,E_w126,0
E,127,E_w127,0
E,128,E_w128,0
E,129,E_w129,0
E,130,E_w130,0
E,131,E_w131,0
E,132,E_w132,0
E,133,E_w133,0
E,134,E_w134,0
E,135,E_w135,0
E,136,E_w136,0
E,137,E_w137,0
E,138,E_w138,0
E,139,E_w139,0
E,140,E_w140,0
E,141,E_w141,0
E,142,E_w142,0
E,143,E_w143,0
E,144,E_w144,0
E,145,E_w145,0
E,146,E_w146,0
E,147,E_w147,0
E,148,E_w148,0
E,149,E_w149,0
E,150,E_w150,0
E,151,E_w151,0
E,152,E_w152,0
E,153,E_w153,0
E,154,E_w154,0
E,155,E_w155,0
E,156,E_w156,0
E,157,E_w157,0
E,158,E_w158,0
E,159,E_w159,0
E,160,E_w160,0
E,161,E_w161,0
E,162,E_w162,0
E,163,E_w163,0
E,164,E_w164,0
E,165,E_w165,0
E,166,E_w166,0
E,167,E_w167,0
E,168,E_w168,0
E,169,E_w169,0
E,170,E_w170,0
E,171,E_w171,0
E,172,E_w172,0
E,173,E_w173,0
E,174,E_w174,0
E,175,E_w175,0
E,176,E_w176,0
E,177,E_w177,0
E,178,E_w178,0
E,179,E_w179,0
E,180,E_w180,0
E,181,E_w181,0
E,182,E_w182,0
E,183,E_w183,0
E,184,E_w184,0
E,185,E_w185,0
E,186,E_w186,0
E,187,E_w187,-1
E,188,E_w188,0
E,189,E_w189,0
E,190,E_w190,0
E,191,E_w191,0
E,192,E_w192,0
E,193,E_w193,-1
E,194,E_w194,0
E,195,E_w195,0
E,196,E_w196,0
E,197,E_w197,0
E,198,E_w198,0
E,199,E_w199,0
E,200,E_w200,-1
E,201,E_w201,0
E,202,E_w202,0
E,203,E_w203,0
E,204,E_w204,0
E,205,E_w205,0
E,206,E_w206,0
E,207,E_w207,0
E,208,E_w208,0
E,209,E_w209,0
E,210,E_w210,0
E,211,E_w211,0
E,212,E_w212,0
E,213,E_w213,0
E,214,E_w214,0
E,215,E_w215,0
E,216,E_w216,0
E,217,E_w217,0
E,218,E_w218,0
E,219,E_w219,0
E,220,E_w220,0
E,221,E_w221,0
E,222,E_w222,0
E,223,E_w223,0
E,224,E_w224,0
E,225,E_w225,0
E,226,E_w226,0
E,227,E_w227,0
E,228,E_w228,0
E,229,E_w229,0
E,230,E_w230,0
E,231,E_w231,0
E,232,E_w232,0
E,233,E_w233,0
E,234,E_w234,0
E,235,E_w235,0
E,236,E_w236,0
E,237,E_w237,0
E,238,E_w238,0
E,239,E_w239,0
E,240,E_w240,0
E,241,E_w241,0
E,242,E_w242,0
E,243,E_w243,0
E,244,E_w244,0
E,245,E_w245,0
E,246,E_w246,0
E,247,E_w247,-1
E,248,E_w248,-1
E,249,E_w249,0
E,250,E_w250,0
E,251,E_w251,0
E,252,E_w252,0
E,253,E_w253,0
E,254,E_w254,0
E,255,E_w255,0
E,256,E_w256,0
E,257,E_w257,0
E,258,E_w258,0
E,259,E_w259,0
E,260,E_w260,0
E,261,E_w261,0
E,262,E_w262,0
E,263,E_w263,0
E,264,E_w264,0
E,265,E_w265,0
E,266,E_w266,0
E,267,E_w267,0
E,268,E_w268,0
E,269,E_w269,0
E,270,E_w270,0
E,271,E_w271,0
E,272,E_w272,0
E,273,E_w273,0
E,274,E_w274,0
E,275,E_w275,0
E,276,E_w276,0
E,277,E_w277,0
E,278,E_w278,0
E,279,E_w279,0
E,280,E_w280,0
E,281,E_w281,0
E,282,E_w282,0
E,283,E_w283,0
E,284,E_w284,0
E,285,E_w285,0
E,286,E_w286,0
E,287,E_w287,0
E,288,E_w288,0
E,289,E_w289,0
E,290,E_w290,0
E,291,E_w291,0
E,292,E_w292,0
E,293,E_w293,0
E,294,E_w294,0
E,295,E_w295,0
E,296,E_w296,0
E,297,E_w297,0
E,298,E_w298,0
E,299,E_w299,0
E,300,E_w300,0
E,301,E_w301,0
E,302,E_w302,0
E,303,E_w303,0
E,304,E_w304,0
E,305,E_w305,0
E,306,E_w306,0
E,307,E_w307,0
E,308,E_w308,0
E,309,E_w309,0
E,310,E_w310,0
E,311,E_w311,0
E,312,E_w312,0
E,313,E_w313,0
E,314,E_w314,0
E,315,E_w315,0
E,316,E_w316,-1
E,317,E_w317,0
E,318,E_w318,0
E,319,E_w319,0
E,320,E_w320,0
E,321,E_w321,0
E,322,E_w322,0
E,323,E_w323,0
E,324,E_w324,-1
E,325,E_w325,-1
E,326,E_w326,0
E,327,E_w327,0
E,328,E_w328,0
E,329,E_w329,0
E,330,E_w330,0
E,331,E_w331,0
E,332,E_w332,0
E,333,E_w333,0
E,334,E_w334,0
E,335,E_w335,0
E,336,E_w336,0
E,337,E_w337,0
E,338,E_w338,0
E,339,E_w339,0
E,340,E_w340,0
E,341,E_w341,0
E,342,E_w342,0
E,343,E_w343,0
E,344,E_w344,0
E,345,E_w345,0
E,346,E_w346,0
E,347,E_w347,0
E,348,E_w348,0
E,349,E_w349,0
E,350,E_w350,0
E,351,E_w351,0
E,352,E_w352,0
E,353,E_w353,0
E,354,E_w354,0
E,355,E_w355,-1
E,356,E_w356,0
E,357,E_w357,0
E,358,E_w358,0
E,359,E_w359,0
E,360,E_w360,0
E,361,E_w361,0
E,362,E_w362,0
E,363,E_w363,0
E,364,E_w364,0
E,365,E_w365,0
E,366,E_w366,0
E,367,E_w367,0
E,368,E_w368,0
E,369,E_w369,0
E,370,E_w370,0
E,371,E_w371,0
E,372,E_w372,0
E,373,E_w373,0
E,374,E_w374,0
E,375,E_w375,0
E,376,E_w376,0
E,377,E_w377,-1
E,378,E_w378,-1
E,379,E_w379,-1
E,380,E_w380,-1
E,381,E_w381,-1
E,382,E_w382,-1
E,383,E_w383,0
E,384,E_w384,-1
E,385,E_w385,-1
E,386,E_w386,0
E,387,E_w387,0
E,388,E_w388,0
E,389,E_w389,0
E,390,E_w390,0
E,391,E_w391,-1
E,392,E_w392,-1
E,393,E_w393,-1
E,394,E_w394,0
E,395,E_w395,0
E,396,E_w396,0
E,397,E_w397,0
E,398,E_w398,0
E,399,E_w399,0
E,400,E_w400,0
E,401,E_w401,0
E,402,E_w402,0
E,403,E_w403,0
E,404,E_w404,0
E,405,E_w405,0
E,406,E_w406,0
E,407,E_w407,0
E,408,E_w408,0
E,409,E_w409,0
E,410,E_w410,0
E,411,E_w411,0
E,412,E_w412,0
E,413,E_w413,0
E,414,E_w414,0
E,415,E_w415,0
E,416,E_w416,0
E,417,E_w417,0
E,418,E_w418,-1
E,419,E_w419,0
E,420,E_w420,1
E,421,E_w421,-1
E,422,E_w422,-1
E,423,E_w423,0
E,424,E_w424,0
E,425,E_w425,0
E,426,E_w426,0
E,427,E_w427,0
E,428,E_w428,0
E,429,E_w429,0
E,430,E_w430,0
E,431,E_w431,0
E,432,E_w432,0
E,433,E_w433,0
E,434,E_w434,0
E,435,E_w435,0
E,436,E_w436,0
E,437,E_w437,0
E,438,E_w438,0
E,439,E_w439,0
E,440,E_w440,0
E,441,E_w441,0
E,442,E_w442,0
E,443,E_w443,0
E,444,E_w444,0
E,445,E_w445,0
E,446,E_w446,0
E,447,E_w447,0
E,448,E_w448,0
E,449,E_w449,0
E,450,E_w450,0
E,451,E_w451,0
E,452,E_w452,0
E,453,E_w453,0
E,454,E_w454,0
E,455,E_w455,0
E,456,E_w456,0
E,457,E_w457,0
E,458,E_w458,0
E,459,E_w459,1
E,460,E_w460,0
E,461,E_w461,0
E,462,E_w462,0
E,463,E_w463,0
E,464,E_w464,0
E,465,E_w465,0
E,466,E_w466,0
E,467,E_w467,0
E,468,E_w468,0
E,469,E_w469,0
E,470,E_w470,0
E,471,E_w471,0
E,472,E_w472,0
E,473,E_w473,0
E,474,E_w474,0
E,475,E_w475,0
E,476,E_w476,0
E,477,E_w477,0
E,478,E_w478,0
E,479,E_w479,0
E,480,E_w480,0
E,481,E_w481,0
E,482,E_w482,0
E,483,E_w483,0
E,484,E_w484,0
E,485,E_w485,0
E,486,E_w486,0
E,487,E_w487,0
E,488,E_w488,0
E,489,E_w489,0
E,490,E_w490,0
E,491,E_w491,0
E,492,E_w492,0
E,493,E_w493,0
E,494,E_w494,0
E,495,E_w495,0
E,496,E_w496,0
E,497,E_w497,0
E,498,E_w498,0
E,499,E_w499,0
E,500,E_w500,0
E,501,E_w501,0
E,502,E_w502,0
E,503,E_w503,0
E,504,E_w504,0
E,505,E_w505,0
E,506,E_w506,0
E,507,E_w507,0
E,508,E_w508,0
E,509,E_w509,-1
E,510,E_w510,0
E,511,E_w511,0
E,512,E_w512,1
E,513,E_w513,-1
E,514,E_w514,0
E,515,E_w515,0
E,516,E_w516,-1
E,517,E_w517,0
E,518,E_w518,-1
E,519,E_w519,0
E,520,E_w520,0
E,521,E_w521,-1
E,522,E_w522,0
E,523,E_w523,0
E,524,E_w524,0
E,525,E_w525,0
E,526,E_w526,0
E,527,E_w527,0
E,528,E_w528,0
E,529,E_w529,0
E,530,E_w530,0
E,531,E_w531,0
E,532,E_w532,0
E,533,E_w533,0
E,534,E_w534,0
E,535,E_w535,0
E,536,E_w536,0
E,537,E_w537,0
E,538,E_w538,-1
E,539,E_w539,0
E,540,E_w540,-1
E,541,E_w541,0
E,542,E_w542,1
E,543,E_w543,-1
E,544,E_w544,1
E,545,E_w545,0
E,546,E_w546,0
E,547,E_w547,0
E,548,E_w548,-1
E,549,E_w549,0
E,550,E_w550,0
E,551,E_w551,0
E,552,E_w552,-1
E,553,E_w553,-1
E,554,E_w554,-1
E,555,E_w555,0
F,0,F_w0,-1
F,1,F_w1,-1
F,2,F_w2,-1
F,3,F_w3,-1
F,4,F_w4,-1
F,5,F_w5,-1
F,6,F_w6,-1
F,7,F_w7,-1
F,8,F_w8,0
F,9,F_w9,-1
F,10,F_w10,0
F,11,F_w11,-1
F,12,F_w12,0
F,13,F_w13,0
F,14,F_w14,0
F,15,F_w15,0
F,16,F_w16,0
F,17,F_w17,0
F,18,F_w18,0
F,19,F_w19,0
F,20,F_w20,0
F,21,F_w21,0
F,22,F_w22,0
F,23,F_w23,0
F,24,F_w24,0
F,25,F_w25,0
F,26,F_w26,0
F,27,F_w27,0
F,28,F_w28,0
F,29,F_w29,0
F,30,F_w30,0
F,31,F_w31,0
F,32,F_w32,0
F,33,F_w33,0
F,34,F_w34,0
F,35,F_w35,0
F,36,F_w36,0
F,37,F_w37,0
F,38,F_w38,0
F,39,F_w39,0
F,40,F_w40,0
F,41,F_w41,0
F,42,F_w42,0
F,43,F_w43,0
F,44,F_w44,0
F,45,F_w45,0
F,46,F_w46,0
F,47,F_w47,0
F,48,F_w48,0
F,49,F_w49,0
F,50,F_w50,0
F,51,F_w51,0
F,52,F_w52,0
F,53,F_w53,0
F,54,F_w54,0
F,55,F_w55,0
F,56,F_w56,0
F,57,F_w57,0
F,58,F_w58,0
F,59,F_w59,0
F,60,F_w60,0
F,61,F_w61,0
F,62,F_w62,0
F,63,F_w63,0
F,64,F_w64,0
F,65,F_w65,0
F,66,F_w66,0
F,67,F_w67,0
F,68,F_w68,0
F,69,F_w69,0
F,70,F_w70,0
F,71,F_w71,0
F,72,F_w72,0
F,73,F_w73,0
F,74,F_w74,0
F,75,F_w75,0
F,76,F_w76,0
F,77,F_w77,0
F,78,F_w78,0
F,79,F_w79,0
F,80,F_w80,0
F,81,F_w81,0
F,82,F_w82,0
F,83,F_w83,0
F,84,F_w84,0
F,85,F_w85,0
F,86,F_w86,0
F,87,F_w87,0
F,88,F_w88,0
F,89,F_w89,0
F,90,F_w90,0
F,91,F_w91,0
F,92,F_w92,0
F,93,F_w93,0
F,94,F_w94,0
F,95,F_w95,0
F,96,F_w96,0
F,97,F_w97,0
F,98,F_w98,0
F,99,F_w99,0
F,100,F_w100,0
F,101,F_w101,0
F,102,F_w102,0
F,103,F_w103,0
F,104,F_w104,0
F,105,F_w105,0
F,106,F_w106,0
F,107,F_w107,0
F,108,F_w108,0
F,109,F_w109,0
F,110,F_w110,0
F,111,F_w111,0
F,112,F_w112,0
F,113,F_w113,0
F,114,F_w114,0
F,115,F_w115,0
F,116,F_w116,0
F,117,F_w117,0
F,118,F_w118,0
F,119,F_w119,0
F,120,F_w120,0
F,121,F_w121,0
F,122,F_w122,0
F,123,F_w123,0
F,124,F_w124,0
F,125,F_w125,0
F,126,F_w126,0
F,127,F_w127,0
F,128,F_w128,0
F,129,F_w129,0
F,130,F_w130,0
F,131,F_w131,0
F,132,F_w132,0
F,133,F_w133,0
F,134,F_w134,0
F,135,F_w135,0
F,136,F_w136,0
F,137,F_w137,0
F,138,F_w138,0
F,139,F_w139,0
F,140,F_w140,0
F,141,F_w141,0
F,142,F_w142,0
F,143,F_w143,0
F,144,F_w144,0
F,145,F_w145,0
F,146,F_w146,0
F,147,F_w147,0
F,148,F_w148,0
F,149,F_w149,0
F,150,F_w150,0
F,151,F_w151,0
F,152,F_w152,0
F,153,F_w153,0
F,154,F_w154,0
F,155,F_w155,0
F,156,F_w156,0
F,157,F_w157,0
F,158,F_w158,0
F,159,F_w159,0
F,160,F_w160,0
F,161,F_w161,0
F,162,F_w162,0
F,163,F_w163,0
F,164,F_w164,0
F,165,F_w165,0
F,166,F_w166,0
F,167,F_w167,0
F,168,F_w168,0
F,169,F_w169,0
F,170,F_w170,0
F,171,F_w171,0
F,172,F_w172,0
F,173,F_w173,0
F,174,F_w174,0
F,175,F_w175,0
F,176,F_w176,0
F,177,F_w177,0
F,178,F_w178,0
F,179,F_w179,0
F,180,F_w180,0
F,181,F_w181,0
F,182,F_w182,0
F,183,F_w183,0
F,184,F_w184,0
F,185,F_w185,0
F,186,F_w186,0
F,187,F_w187,0
F,188,F_w188,0
F,189,F_w189,0
F,190,F_w190,0
F,191,F_w191,0
F,192,F_w192,0
F,193,F_w193,0
F,194,F_w194,0
F,195,F_w195,0
F,196,F_w196,0
F,197,F_w197,0
F,198,F_w198,0
F,199,F_w199,0
F,200,F_w200,0
F,201,F_w201,0
F,202,F_w202,0
F,203,F_w203,0
F,204,F_w204,0
F,205,F_w205,0
F,206,F_w206,0
F,207,F_w207,0
F,208,F_w208,0
F,209,F_w209,0
F,210,F_w210,0
F,211,F_w211,0
F,212,F_w212,0
F,213,F_w213,0
F,214,F_w214,0
F,215,F_w215,0
F,216,F_w216,0
F,217,F_w217,0
F,218,F_w218,0
F,219,F_w219,0
F,220,F_w220,0
F,221,F_w221,0
F,222,F_w222,0
F,223,F_w223,0
F,224,F_w224,0
F,225,F_w225,0
F,226,F_w226,0
F,227,F_w227,0
F,228,F_w228,0
F,229,F_w229,0
F,230,F_w230,0
F,231,F_w231,0
F,232,F_w232,0
F,233,F_w233,0
F,234,F_w234,0
F,235,F_w235,0
F,236,F_w236,0
F,237,F_w237,0
F,238,F_w238,0
F,239,F_w239,0
F,240,F_w240,0
F,241,F_w241,0
F,242,F_w242,0
F,243,F_w243,0
F,244,F_w244,0
F,245,F_w245,0
F,246,F_w246,0
F,247,F_w247,0
F,248,F_w248,0
F,249,F_w249,0
F,250,F_w250,0
F,251,F_w251,0
F,252,F_w252,0
F,253,F_w253,0
F,254,F_w254,0
F,255,F_w255,0
F,256,F_w256,0
F,257,F_w257,0
F,258,F_w258,0
F,259,F_w259,0
F,260,F_w260,0
F,261,F_w261,0
F,262,F_w262,0
F,263,F_w263,0
F,264,F_w264,0
F,265,F_w265,0
F,266,F_w266,0
F,267,F_w267,0
F,268,F_w268,0
F,269,F_w269,0
F,270,F_w270,0
F,271,F_w271,0
F,272,F_w272,0
F,273,F_w273,0
F,274,F_w274,0
F,275,F_w275,0
F,276,F_w276,0
F,277,F_w277,0
F,278,F_w278,0
F,279,F_w279,0
F,280,F_w280,0
F,281,F_w281,0
F,282,F_w282,0
F,283,F_w283,0
F,284,F_w284,0
F,285,F_w285,0
F,286,F_w286,0
F,287,F_w287,0
F,288,F_w288,0
F,289,F_w289,0
F,290,F_w290,0
F,291,F_w291,0
F,292,F_w292,0
F,293,F_w293,0
F,294,F_w294,0
F,295,F_w295,0
F,296,F_w296,0
F,297,F_w297,0
F,298,F_w298,0
F,299,F_w299,0
F,300,F_w300,0
F,301,F_w301,0
F,302,F_w302,0
F,303,F_w303,0
F,304,F_w304,0
F,305,F_w305,-1
F,306,F_w306,-1
F,307,F_w307,-1
F,308,F_w308,0
F,309,F_w309,0
F,310,F_w310,0
F,311,F_w311,0
F,312,F_w312,0
F,313,F_w313,0
F,314,F_w314,0
F,315,F_w315,0
F,316,F_w316,0
F,317,F_w317,0
F,318,F_w318,0
F,319,F_w319,0
F,320,F_w320,0
F,321,F_w321,0
F,322,F_w322,0
F,323,F_w323,0
F,324,F_w324,0
F,325,F_w325,0
F,326,F_w326,0
F,327,F_w327,0
F,328,F_w328,0
F,329,F_w329,0
F,330,F_w330,0
F,331,F_w331,0
F,332,F_w332,0
F,333,F_w333,0
F,334,F_w334,0
F,335,F_w335,0
F,336,F_w336,0
F,337,F_w337,0
F,338,F_w338,0
F,339,F_w339,0
F,340,F_w340,0
F,341,F_w341,0
F,342,F_w342,0
F,343,F_w343,0
F,344,F_w344,0
F,345,F_w345,0
F,346,F_w346,0
F,347,F_w347,0
F,348,F_w348,0
F,349,F_w349,0
F,350,F_w350,0
F,351,F_w351,0
F,352,F_w352,0
F,353,F_w353,0
F,354,F_w354,0
F,355,F_w355,0
F,356,F_w356,0
F,357,F_w357,0
F,358,F_w358,0
F,359,F_w359,0
F,360,F_w360,0
F,361,F_w361,0
F,362,F_w362,0
F,363,F_w363,0
F,364,F_w364,0
F,365,F_w365,0
F,366,F_w366,0
F,367,F_w367,0
F,368,F_w368,0
F,369,F_w369,0
F,370,F_w370,0
F,371,F_w371,0
F,372,F_w372,0
F,373,F_w373,0
F,374,F_w374,0
F,375,F_w375,0
F,376,F_w376,0
F,377,F_w377,0
F,378,F_w378,0
F,379,F_w379,0
F,380,F_w380,0
F,381,F_w381,0
F,382,F_w382,0
F,383,F_w383,0
F,384,F_w384,0
F,385,F_w385,0
F,386,F_w386,0
F,387,F_w387,0
F,388,F_w388,0
F,389,F_w389,0
F,390,F_w390,0
F,391,F_w391,0
F,392,F_w392,0
F,393,F_w393,0
F,394,F_w394,0
F,395,F_w395,0
F,396,F_w396,0
F,397,F_w397,0
F,398,F_w398,0
F,399,F_w399,0
F,400,F_w400,0
F,401,F_w401,0
F,402,F_w402,0
F,403,F_w403,0
F,404,F_w404,0
F,405,F_w405,0
F,406,F_w406,0
F,407,F_w407,0
F,408,F_w408,0
F,409,F_w409,0
F,410,F_w410,0
F,411,F_w411,0
F,412,F_w412,0
F,413,F_w413,0
F,414,F_w414,0
F,415,F_w415,0
F,416,F_w416,0
F,417,F_w417,0
F,418,F_w418,0
F,419,F_w419,0
F,420,F_w420,0
F,421,F_w421,0
F,422,F_w422,0
F,423,F_w423,0
F,424,F_w424,0
F,425,F_w425,0
F,426,F_w426,0
F,427,F_w427,0
F,428,F_w428,0
F,429,F_w429,0
F,430,F_w430,-1
F,431,F_w431,-1
F,432,F_w432,0
F,433,F_w433,0
F,434,F_w434,0
F,435,F_w435,0
F,436,F_w436,0
F,437,F_w437,0
F,438,F_w438,0
F,439,F_w439,0
F,440,F_w440,0
F,441,F_w441,0
F,442,F_w442,0
F,443,F_w443,0
F,444,F_w444,0
F,445,F_w445,0
F,446,F_w446,0
F,447,F_w447,0
F,448,F_w448,0
F,449,F_w449,0
F,450,F_w450,0
F,451,F_w451,0
F,452,F_w452,0
F,453,F_w453,0
F,454,F_w454,0
F,455,F_w455,0
F,456,F_w456,0
F,457,F_w457,0
F,458,F_w458,0
F,459,F_w459,0
F,460,F_w460,0
F,461,F_w461,0
F,462,F_w462,0
F,463,F_w463,0
F,464,F_w464,0
F,465,F_w465,0
F,466,F_w466,0
F,467,F_w467,0
F,468,F_w468,0
F,469,F_w469,0
F,470,F_w470,0
F,471,F_w471,0
F,472,F_w472,0
F,473,F_w473,0
F,474,F_w474,0
F,475,F_w475,0
F,476,F_w476,0
F,477,F_w477,0
F,478,F_w478,0
F,479,F_w479,0
F,480,F_w480,0
F,481,F_w481,0
F,482,F_w482,0
F,483,F_w483,0
F,484,F_w484,0
F,485,F_w485,0
F,486,F_w486,0
F,487,F_w487,0
F,488,F_w488,0
F,489,F_w489,0
F,490,F_w490,0
F,491,F_w491,0
F,492,F_w492,0
F,493,F_w493,0
F,494,F_w494,0
F,495,F_w495,0
F,496,F_w496,0
F,497,F_w497,0
F,498,F_w498,0
F,499,F_w499,0
F,500,F_w500,0
F,501,F_w501,0
F,502,F_w502,0
F,503,F_w503,0
F,504,F_w504,0
F,505,F_w505,0
F,506,F_w506,0
F,507,F_w507,0
F,508,F_w508,0
F,509,F_w509,0
F,510,F_w510,0
F,511,F_w511,0
F,512,F_w512,0
F,513,F_w513,0
F,514,F_w514,0
F,515,F_w515,0
F,516,F_w516,0
F,517,F_w517,0
F,518,F_w518,0
F,519,F_w519,0
F,520,F_w520,0
F,521,F_w521,0
F,522,F_w522,0
F,523,F_w523,0
F,524,F_w524,0
F,525,F_w525,0
F,526,F_w526,0
F,527,F_w527,0
F,528,F_w528,0
F,529,F_w529,0
F,530,F_w530,0
F,531,F_w531,0
F,532,F_w532,0
F,533,F_w533,0
F,534,F_w534,0
F,535,F_w535,0
F,536,F_w536,0
F,537,F_w537,0
F,538,F_w538,0
F,539,F_w539,0
F,540,F_w540,0
F,541,F_w541,0
F,542,F_w542,0
F,543,F_w543,0
F,544,F_w544,0
F,545,F_w545,0
F,546,F_w546,-1
F,547,F_w547,-1
F,548,F_w548,-1
F,549,F_w549,0
F,550,F_w550,-1
F,551,F_w551,0
F,552,F_w552,0
F,553,F_w553,-1
F,554,F_w554,0
F,555,F_w555,-1
F,556,F_w556,-1
F,557,F_w557,-1
F,558,F_w558,0
F,559,F_w559,-1
F,560,F_w560,0
F,561,F_w561,0
F,562,F_w562,-1
F,563,F_w563,-1
F,564,F_w564,-1
F,565,F_w565,-1
F,566,F_w566,-1
F,567,F_w567,-1
F,568,F_w568,0
F,569,F_w569,0
F,570,F_w570,0
F,571,F_w571,0
F,572,F_w572,-1
F,573,F_w573,-1
F,574,F_w574,-1
F,575,F_w575,-1
F,576,F_w576,-1
F,577,F_w577,-1
F,578,F_w578,-1
F,579,F_w579,-1
F,580,F_w580,-1
F,581,F_w581,-1
F,582,F_w582,-1
F,583,F_w583,-1
F,584,F_w584,-1
F,585,F_w585,0
F,586,F_w586,0
G,0,G_w0,-1
G,1,G_w1,0
G,2,G_w2,-1
G,3,G_w3,0
G,4,G_w4,0
G,5,G_w5,0
G,6,G_w6,0
G,7,G_w7,0
G,8,G_w8,0
G,9,G_w9,0
G,10,G_w10,0
G,11,G_w11,0
G,12,G_w12,0
G,13,G_w13,0
G,14,G_w14,0
G,15,G_w15,0
G,16,G_w16,0
G,17,G_w17,0
G,18,G_w18,0
G,19,G_w19,0
G,20,G_w20,0
G,21,G_w21,0
G,22,G_w22,0
G,23,G_w23,0
G,24,G_w24,0
G,25,G_w25,0
G,26,G_w26,0
G,27,G_w27,0
G,28,G_w28,0
G,29,G_w29,0
G,30,G_w30,0
G,31,G_w31,0
G,32,G_w32,0
G,33,G_w33,0
G,34,G_w34,0
G,35,G_w35,0
G,36,G_w36,0
G,37,G_w37,0
G,38,G_w38,0
G,39,G_w39,0
G,40,G_w40,0
G,41,G_w41,0
G,42,G_w42,0
G,43,G_w43,0
G,44,G_w44,0
G,45,G_w45,0
G,46,G_w46,0
G,47,G_w47,0
G,48,G_w48,0
G,49,G_w49,0
G,50,G_w50,0
G,51,G_w51,0
G,52,G_w52,0
G,53,G_w53,0
G,54,G_w54,0
G,55,G_w55,0
G,56,G_w56,0
G,57,G_w57,0
G,58,G_w58,0
G,59,G_w59,0
G,60,G_w60,0
G,61,G_w61,0
G,62,G_w62,0
G,63,G_w63,0
G,64,G_w64,0
G,65,G_w65,0
G,66,G_w66,0
G,67,G_w67,0
G,68,G_w68,0
G,69,G_w69,0
G,70,G_w70,0
G,71,G_w71,0
G,72,G_w72,0
G,73,G_w73,0
G,74,G_w74,0
G,75,G_w75,0
G,76,G_w76,0
G,77,G_w77,0
G,78,G_w78,0
G,79,G_w79,0
G,80,G_w80,0
G,81,G_w81,0
G,82,G_w82,0
G,83,G_w83,0
G,84,G_w84,0
G,85,G_w85,0
G,86,G_w86,0
G,87,G_w87,0
G,88,G_w88,0
G,89,G_w89,0
G,90,G_w90,0
G,91,G_w91,0
G,92,G_w92,0
G,93,G_w93,0
G,94,G_w94,0
G,95,G_w95,0
G,96,G_w96,0
G,97,G_w97,0
G,98,G_w98,0
G,99,G_w99,0
G,100,G_w100,0
G,101,G_w101,0
G,102,G_w102,0
G,103,G_w103,0
G,104,G_w104,0
G,105,G_w105,0
G,106,G_w106,0
G,107,G_w107,0
G,108,G_w108,0
G,109,G_w109,0
G,110,G_w110,0
G,111,G_w111,0
G,112,G_w112,0
G,113,G_w113,0
G,114,G_w114,0
G,115,G_w115,0
G,116,G_w116,0
G,117,G_w117,0
G,118,G_w118,0
G,119,G_w119,0
G,120,G_w120,0
G,121,G_w121,0
G,122,G_w122,0
G,123,G_w123,0
G,124,G_w124,0
G,125,G_w125,0
G,126,G_w126,0
G,127,G_w127,0
G,128,G_w128,0
G,129,G_w129,0
G,130,G_w130,0
G,131,G_w131,0
G,132,G_w132,0
G,133,G_w133,0
G,134,G_w134,0
G,135,G_w135,0
G,136,G_w136,0
G,137,G_w137,0
G,138,G_w138,0
G,139,G_w139,0
G,140,G_w140,0
G,141,G_w141,0
G,142,G_w142,0
G,143,G_w143,0
G,144,G_w144,0
G,145,G_w145,0
G,146,G_w146,0
G,147,G_w147,0
G,148,G_w148,0
G,149,G_w149,0
G,150,G_w150,0
G,151,G_w151,0
G,152,G_w152,0
G,153,G_w153,0
G,154,G_w154,0
G,155,G_w155,0
G,156,G_w156,0
G,157,G_w157,0
G,158,G_w158,0
G,159,G_w159,0
G,160,G_w160,0
G,161,G_w161,0
G,162,G_w162,0
G,163,G_w163,0
G,164,G_w164,0
G,165,G_w165,0
G,166,G_w166,0
G,167,G_w167,0
G,168,G_w168,0
G,169,G_w169,0
G,170,G_w170,0
G,171,G_w171,0
G,172,G_w172,0
G,173,G_w173,0
G,174,G_w174,0
G,175,G_w175,0
G,176,G_w176,0
G,177,G_w177,0
G,178,G_w178,0
G,179,G_w179,0
G,180,G_w180,0
G,181,G_w181,0
G,182,G_w182,0
G,183,G_w183,0
G,184,G_w184,0
G,185,G_w185,0
G,186,G_w186,0
G,187,G_w187,0
G,188,G_w188,0
G,189,G_w189,0
G,190,G_w190,0
G,191,G_w191,0
G,192,G_w192,0
G,193,G_w193,0
G,194,G_w194,0
G,195,G_w195,0
G,196,G_w196,0
G,197,G_w197,0
G,198,G_w198,0
G,199,G_w199,0
G,200,G_w200,0
G,201,G_w201,0
G,202,G_w202,0
G,203,G_w203,0
G,204,G_w204,0
G,205,G_w205,0
G,206,G_w206,0
G,207,G_w207,0
G,208,G_w208,0
G,209,G_w209,0
G,210,G_w210,0
G,211,G_w211,0
G,212,G_w212,0
G,213,G_w213,0
G,214,G_w214,0
G,215,G_w215,0
G,216,G_w216,0
G,217,G_w217,0
G,218,G_w218,0
G,219,G_w219,0
G,220,G_w220,0
G,221,G_w221,0
G,222,G_w222,0
G,223,G_w223,0
G,224,G_w224,0
G,225,G_w225,-1
G,226,G_w226,0
G,227,G_w227,0
G,228,G_w228,0
G,229,G_w229,0
G,230,G_w230,0
G,231,G_w231,0
G,232,G_w232,0
G,233,G_w233,0
G,234,G_w234,0
G,235,G_w235,0
G,236,G_w236,0
G,237,G_w237,0
G,238,G_w238,0
G,239,G_w239,0
G,240,G_w240,0
G,241,G_w241,0
G,242,G_w242,0
G,243,G_w243,0
G,244,G_w244,0
G,245,G_w245,0
G,246,G_w246,0
G,247,G_w247,0
G,248,G_w248,0
G,249,G_w249,0
G,250,G_w250,-1
G,251,G_w251,0
G,252,G_w252,0
G,253,G_w253,0
G,254,G_w254,0
G,255,G_w255,0
G,256,G_w256,0
G,257,G_w257,0
G,258,G_w258,0
G,259,G_w259,0
G,260,G_w260,0
G,261,G_w261,0
G,262,G_w262,0
G,263,G_w263,0
G,264,G_w264,0
G,265,G_w265,0
G,266,G_w266,0
G,267,G_w267,0
G,268,G_w268,0
G,269,G_w269,0
G,270,G_w270,0
G,271,G_w271,0
G,272,G_w272,0
G,273,G_w273,0
G,274,G_w274,0
G,275,G_w275,0
G,276,G_w276,0
G,277,G_w277,0
G,278,G_w278,0
G,279,G_w279,0
G,280,G_w280,0
G,281,G_w281,0
G,282,G_w282,0
G,283,G_w283,0
G,284,G_w284,0
G,285,G_w285,0
G,286,G_w286,0
G,287,G_w287,0
G,288,G_w288,0
G,289,G_w289,0
G,290,G_w290,0
G,291,G_w291,0
G,292,G_w292,0
G,293,G_w293,0
G,294,G_w294,0
G,295,G_w295,0
G,296,G_w296,0
G,297,G_w297,0
G,298,G_w298,0
G,299,G_w299,0
G,300,G_w300,0
G,301,G_w301,0
G,302,G_w302,0
G,303,G_w303,0
G,304,G_w304,0
G,305,G_w305,0
G,306,G_w306,0
G,307,G_w307,0
G,308,G_w308,0
G,309,G_w309,0
G,310,G_w310,0
G,311,G_w311,0
G,312,G_w312,0
G,313,G_w313,0
G,314,G_w314,0
G,315,G_w315,0
G,316,G_w316,0
G,317,G_w317,0
G,318,G_w318,0
G,319,G_w319,0
G,320,G_w320,0
G,321,G_w321,0
G,322,G_w322,0
G,323,G_w323,0
G,324,G_w324,0
G,325,G_w325,0
G,326,G_w326,0
G,327,G_w327,0
G,328,G_w328,0
G,329,G_w329,0
G,330,G_w330,0
G,331,G_w331,0
G,332,G_w332,0
G,333,G_w333,0
G,334,G_w334,0
G,335,G_w335,0
G,336,G_w336,0
G,337,G_w337,0
G,338,G_w338,0
G,339,G_w339,0
G,340,G_w340,0
G,341,G_w341,0
G,342,G_w342,0
G,343,G_w343,0
G,344,G_w344,-1
G,345,G_w345,0
G,346,G_w346,0
G,347,G_w347,0
G,348,G_w348,0
G,349,G_w349,0
G,350,G_w350,0
G,351,G_w351,-1
G,352,G_w352,0
G,353,G_w353,0
G,354,G_w354,-1
G,355,G_w355,0
G,356,G_w356,0
G,357,G_w357,0
G,358,G_w358,0
G,359,G_w359,0
G,360,G_w360,0
G,361,G_w361,0
G,362,G_w362,0
G,363,G_w363,0
G,364,G_w364,0
G,365,G_w365,0
G,366,G_w366,0
G,367,G_w367,0
G,368,G_w368,0
G,369,G_w369,-1
G,370,G_w370,0
G,371,G_w371,0
G,372,G_w372,0
G,373,G_w373,0
G,374,G_w374,0
G,375,G_w375,0
G,376,G_w376,0
G,377,G_w377,0
G,378,G_w378,0
G,379,G_w379,0
G,380,G_w380,0
G,381,G_w381,0
G,382,G_w382,-1
G,383,G_w383,-1
G,384,G_w384,-1
G,385,G_w385,-1
G,386,G_w386,-1
G,387,G_w387,-1
G,388,G_w388,-1
G,389,G_w389,-1
G,390,G_w390,-1
G,391,G_w391,-1
G,392,G_w392,-1
G,393,G_w393,-1
G,394,G_w394,-1
G,395,G_w395,-1
G,396,G_w396,0
G,397,G_w397,-1
G,398,G_w398,-1
G,399,G_w399,-1
G,400,G_w400,-1
G,401,G_w401,-1
G,402,G_w402,-1
G,403,G_w403,-1
G,404,G_w404,0
G,405,G_w405,0
G,406,G_w406,0
G,407,G_w407,-1
H,0,H_w0,-1
H,1,H_w1,0
H,2,H_w2,0
H,3,H_w3,0
H,4,H_w4,0
H,5,H_w5,0
H,6,H_w6,0
H,7,H_w7,0
H,8,H_w8,0
H,9,H_w9,0
H,10,H_w10,-1
H,11,H_w11,-1
H,12,H_w12,-1
H,13,H_w13,0
H,14,H_w14,0
H,15,H_w15,0
H,16,H_w16,0
H,17,H_w17,-1
H,18,H_w18,0
H,19,H_w19,0
H,20,H_w20,0
H,21,H_w21,0
H,22,H_w22,0
H,23,H_w23,-1
H,24,H_w24,-1
H,25,H_w25,0
H,26,H_w26,0
H,27,H_w27,-1
H,28,H_w28,-1
H,29,H_w29,-1
H,30,H_w30,0
H,31,H_w31,0
H,32,H_w32,0
H,33,H_w33,-1
H,34,H_w34,0
H,35,H_w35,0
H,36,H_w36,0
H,37,H_w37,0
H,38,H_w38,-1
H,39,H_w39,-1
H,40,H_w40,0
H,41,H_w41,0
H,42,H_w42,0
H,43,H_w43,0
H,44,H_w44,0
H,45,H_w45,0
H,46,H_w46,0
H,47,H_w47,0
H,48,H_w48,0
H,49,H_w49,0
H,50,H_w50,0
H,51,H_w51,0
H,52,H_w52,0
H,53,H_w53,0
H,54,H_w54,0
H,55,H_w55,0
H,56,H_w56,0
H,57,H_w57,0
H,58,H_w58,0
H,59,H_w59,0
H,60,H_w60,0
H,61,H_w61,0
H,62,H_w62,0
H,63,H_w63,0
H,64,H_w64,0
H,65,H_w65,0
H,66,H_w66,0
H,67,H_w67,0
H,68,H_w68,0
H,69,H_w69,0
H,70,H_w70,0
H,71,H_w71,0
H,72,H_w72,0
H,73,H_w73,0
H,74,H_w74,0
H,75,H_w75,0
H,76,H_w76,0
H,77,H_w77,0
H,78,H_w78,0
H,79,H_w79,0
H,80,H_w80,0
H,81,H_w81,0
H,82,H_w82,0
H,83,H_w83,0
H,84,H_w84,0
H,85,H_w85,0
H,86,H_w86,0
H,87,H_w87,-1
H,88,H_w88,0
H,89,H_w89,0
H,90,H_w90,0
H,91,H_w91,0
H,92,H_w92,0
H,93,H_w93,0
H,94,H_w94,0
H,95,H_w95,0
H,96,H_w96,0
H,97,H_w97,0
H,98,H_w98,0
H,99,H_w99,0
H,100,H_w100,0
H,101,H_w101,0
H,102,H_w102,0
H,103,H_w103,0
H,104,H_w104,0
H,105,H_w105,0
H,106,H_w106,0
H,107,H_w107,0
H,108,H_w108,0
H,109,H_w109,0
H,110,H_w110,0
H,111,H_w111,0
H,112,H_w112,0
H,113,H_w113,0
H,114,H_w114,0
H,115,H_w115,0
H,116,H_w116,0
H,117,H_w117,0
H,118,H_w118,0
H,119,H_w119,0
H,120,H_w120,0
H,121,H_w121,0
H,122,H_w122,0
H,123,H_w123,0
H,124,H_w124,0
H,125,H_w125,0
H,126,H_w126,0
H,127,H_w127,0
H,128,H_w128,0
H,129,H_w129,0
H,130,H_w130,0
H,131,H_w131,0
H,132,H_w132,0
H,133,H_w133,0
H,134,H_w134,0
H,135,H_w135,0
H,136,H_w136,0
H,137,H_w137,0
H,138,H_w138,0
H,139,H_w139,0
H,140,H_w140,0
H,141,H_w141,0
H,142,H_w142,0
H,143,H_w143,0
H,144,H_w144,0
H,145,H_w145,0
H,146,H_w146,0
H,147,H_w147,0
H,148,H_w148,0
H,149,H_w149,0
H,150,H_w150,0
H,151,H_w151,0
H,152,H_w152,0
H,153,H_w153,0
H,154,H_w154,0
H,155,H_w155,0
H,156,H_w156,0
H,157,H_w157,0
H,158,H_w158,0
H,159,H_w159,0
H,160,H_w160,0
H,161,H_w161,0
H,162,H_w162,0
H,163,H_w163,0
H,164,H_w164,0
H,165,H_w165,0
H,166,H_w166,0
H,167,H_w167,0
H,168,H_w168,0
H,169,H_w169,0
H,170,H_w170,0
H,171,H_w171,0
H,172,H_w172,0
H,173,H_w173,0
H,174,H_w174,0
H,175,H_w175,0
H,176,H_w176,0
H,177,H_w177,0
H,178,H_w178,0
H,179,H_w179,0
H,180,H_w180,0
H,181,H_w181,0
H,182,H_w182,0
H,183,H_w183,0
H,184,H_w184,0
H,185,H_w185,0
H,186,H_w186,0
H,187,H_w187,0
H,188,H_w188,0
H,189,H_w189,0
H,190,H_w190,0
H,191,H_w191,0
H,192,H_w192,0
H,193,H_w193,0
H,194,H_w194,0
H,195,H_w195,0
H,196,H_w196,0
H,197,H_w197,0
H,198,H_w198,0
H,199,H_w199,0
H,200,H_w200,0
H,201,H_w201,0
H,202,H_w202,0
H,203,H_w203,0
H,204,H_w204,0
H,205,H_w205,0
H,206,H_w206,0
H,207,H_w207,0
H,208,H_w208,0
H,209,H_w209,0
H,210,H_w210,0
H,211,H_w211,0
H,212,H_w212,0
H,213,H_w213,0
H,214,H_w214,0
H,215,H_w215,0
H,216,H_w216,0
H,217,H_w217,0
H,218,H_w218,0
H,219,H_w219,0
H,220,H_w220,0
H,221,H_w221,0
H,222,H_w222,0
H,223,H_w223,0
H,224,H_w224,0
H,225,H_w225,0
H,226,H_w226,0
H,227,H_w227,0
H,228,H_w228,0
H,229,H_w229,0
H,230,H_w230,0
H,231,H_w231,0
H,232,H_w232,0
H,233,H_w233,0
H,234,H_w234,0
H,235,H_w235,0
H,236,H_w236,0
H,237,H_w237,0
H,238,H_w238,0
H,239,H_w239,0
H,240,H_w240,0
H,241,H_w241,0
H,242,H_w242,0
H,243,H_w243,0
H,244,H_w244,0
H,245,H_w245,0
H,246,H_w246,0
H,247,H_w247,0
H,248,H_w248,0
H,249,H_w249,0
H,250,H_w250,0
H,251,H_w251,0
H,252,H_w252,0
H,253,H_w253,0
H,254,H_w254,0
H,255,H_w255,0
H,256,H_w256,0
H,257,H_w257,0
H,258,H_w258,0
H,259,H_w259,0
H,260,H_w260,0
H,261,H_w261,0
H,262,H_w262,0
H,263,H_w263,0
H,264,H_w264,0
H,265,H_w265,0
H,266,H_w266,0
H,267,H_w267,0
H,268,H_w268,0
H,269,H_w269,0
H,270,H_w270,0
H,271,H_w271,0
H,272,H_w272,0
H,273,H_w273,0
H,274,H_w274,0
H,275,H_w275,0
H,276,H_w276,0
H,277,H_w277,0
H,278,H_w278,0
H,279,H_w279,0
H,280,H_w280,0
H,281,H_w281,0
H,282,H_w282,0
H,283,H_w283,0
H,284,H_w284,0
H,285,H_w285,0
H,286,H_w286,0
H,287,H_w287,0
H,288,H_w288,0
H,289,H_w289,0
H,290,H_w290,0
H,291,H_w291,0
H,292,H_w292,0
H,293,H_w293,0
H,294,H_w294,0
H,295,H_w295,0
H,296,H_w296,0
H,297,H_w297,0
H,298,H_w298,0
H,299,H_w299,0
H,300,H_w300,0
H,301,H_w301,0
H,302,H_w302,0
H,303,H_w303,0
H,304,H_w304,0
H,305,H_w305,0
H,306,H_w306,0
H,307,H_w307,0
H,308,H_w308,0
H,309,H_w309,0
H,310,H_w310,0
H,311,H_w311,0
H,312,H_w312,0
H,313,H_w313,0
H,314,H_w314,0
H,315,H_w315,0
H,316,H_w316,0
H,317,H_w317,0
H,318,H_w318,0
H,319,H_w319,0
H,320,H_w320,0
H,321,H_w321,0
H,322,H_w322,0
H,323,H_w323,0
H,324,H_w324,0
H,325,H_w325,0
H,326,H_w326,0
H,327,H_w327,0
H,328,H_w328,0
H,329,H_w329,0
H,330,H_w330,0
H,331,H_w331,0
H,332,H_w332,0
H,333,H_w333,0
H,334,H_w334,0
H,335,H_w335,0
H,336,H_w336,0
H,337,H_w337,0
H,338,H_w338,0
H,339,H_w339,0
H,340,H_w340,0
H,341,H_w341,0
H,342,H_w342,0
H,343,H_w343,0
H,344,H_w344,0
H,345,H_w345,0
H,346,H_w346,0
H,347,H_w347,0
H,348,H_w348,0
H,349,H_w349,0
H,350,H_w350,0
H,351,H_w351,0
H,352,H_w352,0
H,353,H_w353,0
H,354,H_w354,0
H,355,H_w355,0
H,356,H_w356,0
H,357,H_w357,0
H,358,H_w358,0
H,359,H_w359,0
H,360,H_w360,0
H,361,H_w361,0
H,362,H_w362,0
H,363,H_w363,0
H,364,H_w364,0
H,365,H_w365,0
H,366,H_w366,0
H,367,H_w367,0
H,368,H_w368,0
H,369,H_w369,0
H,370,H_w370,0
H,371,H_w371,0
H,372,H_w372,0
H,373,H_w373,0
H,374,H_w374,0
H,375,H_w375,0
H,376,H_w376,0
H,377,H_w377,0
H,378,H_w378,0
H,379,H_w379,0
H,380,H_w380,0
H,381,H_w381,0
H,382,H_w382,0
H,383,H_w383,0
H,384,H_w384,0
H,385,H_w385,0
H,386,H_w386,0
H,387,H_w387,0
H,388,H_w388,0
H,389,H_w389,0
H,390,H_w390,0
H,391,H_w391,0
H,392,H_w392,0
H,393,H_w393,0
H,394,H_w394,0
H,395,H_w395,0
H,396,H_w396,0
H,397,H_w397,0
H,398,H_w398,0
H,399,H_w399,0
H,400,H_w400,0
H,401,H_w401,0
H,402,H_w402,0
H,403,H_w403,-1
H,404,H_w404,0
H,405,H_w405,0
H,406,H_w406,-1
H,407,H_w407,0
H,408,H_w408,-1
H,409,H_w409,0
H,410,H_w410,0
H,411,H_w411,0
H,412,H_w412,0
H,413,H_w413,0
H,414,H_w414,0
H,415,H_w415,0
H,416,H_w416,0
H,417,H_w417,0
H,418,H_w418,0
H,419,H_w419,0
H,420,H_w420,0
H,421,H_w421,0
H,422,H_w422,0
H,423,H_w423,0
H,424,H_w424,0
H,425,H_w425,0
H,426,H_w426,0
H,427,H_w427,0
H,428,H_w428,0
H,429,H_w429,0
H,430,H_w430,0
H,431,H_w431,0
H,432,H_w432,0
H,433,H_w433,0
H,434,H_w434,0
H,435,H_w435,0
H,436,H_w436,0
H,437,H_w437,0
H,438,H_w438,0
H,439,H_w439,0
H,440,H_w440,0
H,441,H_w441,0
H,442,H_w442,0
H,443,H_w443,0
H,444,H_w444,0
H,445,H_w445,0
H,446,H_w446,0
H,447,H_w447,-1
H,448,H_w448,0
H,449,H_w449,0
H,450,H_w450,0
H,451,H_w451,0
H,452,H_w452,0
H,453,H_w453,0
H,454,H_w454,0
H,455,H_w455,0
H,456,H_w456,0
H,457,H_w457,0
H,458,H_w458,0
H,459,H_w459,0
H,460,H_w460,0
H,461,H_w461,0
H,462,H_w462,-1
H,463,H_w463,-1
H,464,H_w464,-1
H,465,H_w465,0
H,466,H_w466,0
H,467,H_w467,0
H,468,H_w468,0
H,469,H_w469,0
H,470,H_w470,0
H,471,H_w471,0
H,472,H_w472,0
H,473,H_w473,0
H,474,H_w474,0
H,475,H_w475,0
H,476,H_w476,0
H,477,H_w477,0
H,478,H_w478,0
H,479,H_w479,0
H,480,H_w480,0
H,481,H_w481,0
H,482,H_w482,0
H,483,H_w483,0
H,484,H_w484,0
H,485,H_w485,0
H,486,H_w486,-1
H,487,H_w487,0
H,488,H_w488,0
H,489,H_w489,-1
H,490,H_w490,0
H,491,H_w491,0
H,492,H_w492,0
H,493,H_w493,0
H,494,H_w494,0
H,495,H_w495,0
H,496,H_w496,0
H,497,H_w497,0
H,498,H_w498,-1
H,499,H_w499,-1
H,500,H_w500,0
H,501,H_w501,0
H,502,H_w502,0
H,503,H_w503,0
H,504,H_w504,0
H,505,H_w505,0
H,506,H_w506,0
H,507,H_w507,0
H,508,H_w508,1
H,509,H_w509,0
H,510,H_w510,0
H,511,H_w511,-1
H,512,H_w512,0
H,513,H_w513,0
H,514,H_w514,-1
H,515,H_w515,0
H,516,H_w516,0
H,517,H_w517,0
H,518,H_w518,0
H,519,H_w519,0
H,520,H_w520,0
H,521,H_w521,0
H,522,H_w522,0
H,523,H_w523,0
H,524,H_w524,0
H,525,H_w525,0
H,526,H_w526,0
H,527,H_w527,0
H,528,H_w528,0
H,529,H_w529,0
H,530,H_w530,0
H,531,H_w531,0
H,532,H_w532,0
H,533,H_w533,-1
H,534,H_w534,0
H,535,H_w535,0
H,536,H_w536,0
H,537,H_w537,0
H,538,H_w538,0
H,539,H_w539,0
H,540,H_w540,0
H,541,H_w541,0
H,542,H_w542,0
H,543,H_w543,0
H,544,H_w544,0
H,545,H_w545,0
H,546,H_w546,0
H,547,H_w547,0
H,548,H_w548,0
H,549,H_w549,0
H,550,H_w550,0
H,551,H_w551,0
H,552,H_w552,0
H,553,H_w553,0
H,554,H_w554,0
H,555,H_w555,-1
H,556,H_w556,-1
H,557,H_w557,0
H,558,H_w558,0
H,559,H_w559,0
H,560,H_w560,0
H,561,H_w561,0
H,562,H_w562,0
H,563,H_w563,-1
H,564,H_w564,0
H,565,H_w565,0
H,566,H_w566,0
H,567,H_w567,0
H,568,H_w568,0
H,569,H_w569,-1
H,570,H_w570,0
H,571,H_w571,-1
H,572,H_w572,-1
H,573,H_w573,-1
H,574,H_w574,0
I,0,I_w0,-1
I,1,I_w1,0
I,2,I_w2,0
I,3,I_w3,-1
I,4,I_w4,-1
I,5,I_w5,0
I,6,I_w6,0
I,7,I_w7,0
I,8,I_w8,0
I,9,I_w9,0
I,10,I_w10,-1
I,11,I_w11,-1
I,12,I_w12,0
I,13,I_w13,0
I,14,I_w14,0
I,15,I_w15,0
I,16,I_w16,0
I,17,I_w17,0
I,18,I_w18,0
I,19,I_w19,0
I,20,I_w20,0
I,21,I_w21,0
I,22,I_w22,0
I,23,I_w23,0
I,24,I_w24,-1
I,25,I_w25,0
I,26,I_w26,0
I,27,I_w27,0
I,28,I_w28,0
I,29,I_w29,0
I,30,I_w30,0
I,31,I_w31,0
I,32,I_w32,0
I,33,I_w33,0
I,34,I_w34,0
I,35,I_w35,0
I,36,I_w36,0
I,37,I_w37,0
I,38,I_w38,0
I,39,I_w39,0
I,40,I_w40,0
I,41,I_w41,0
I,42,I_w42,0
I,43,I_w43,0
I,44,I_w44,0
I,45,I_w45,0
I,46,I_w46,0
I,47,I_w47,0
I,48,I_w48,0
I,49,I_w49,0
I,50,I_w50,0
I,51,I_w51,0
I,52,I_w52,0
I,53,I_w53,0
I,54,I_w54,0
I,55,I_w55,0
I,56,I_w56,0
I,57,I_w57,0
I,58,I_w58,0
I,59,I_w59,0
I,60,I_w60,0
I,61,I_w61,0
I,62,I_w62,0
I,63,I_w63,0
I,64,I_w64,0
I,65,I_w65,0
I,66,I_w66,0
I,67,I_w67,0
I,68,I_w68,-1
I,69,I_w69,0
I,70,I_w70,0
I,71,I_w71,0
I,72,I_w72,0
I,73,I_w73,0
I,74,I_w74,0
I,75,I_w75,0
I,76,I_w76,0
I,77,I_w77,0
I,78,I_w78,0
I,79,I_w79,0
I,80,I_w80,0
I,81,I_w81,0
I,82,I_w82,0
I,83,I_w83,0
I,84,I_w84,0
I,85,I_w85,0
I,86,I_w86,0
I,87,I_w87,0
I,88,I_w88,0
I,89,I_w89,0
I,90,I_w90,0
I,91,I_w91,0
I,92,I_w92,0
I,93,I_w93,0
I,94,I_w94,0
I,95,I_w95,0
I,96,I_w96,0
I,97,I_w97,0
I,98,I_w98,0
I,99,I_w99,0
I,100,I_w100,0
I,101,I_w101,0
I,102,I_w102,0
I,103,I_w103,0
I,104,I_w104,0
I,105,I_w105,0
I,106,I_w106,0
I,107,I_w107,0
I,108,I_w108,0
I,109,I_w109,0
I,110,I_w110,0
I,111,I_w111,0
I,112,I_w112,0
I,113,I_w113,0
I,114,I_w114,0
I,115,I_w115,0
I,116,I_w116,0
I,117,I_w117,0
I,118,I_w118,0
I,119,I_w119,0
I,120,I_w120,0
I,121,I_w121,0
I,122,I_w122,0
I,123,I_w123,0
I,124,I_w124,0
I,125,I_w125,0
I,126,I_w126,0
I,127,I_w127,0
I,128,I_w128,0
I,129,I_w129,0
I,130,I_w130,0
I,131,I_w131,0
I,132,I_w132,0
I,133,I_w133,0
I,134,I_w134,0
I,135,I_w135,0
I,136,I_w136,0
I,137,I_w137,0
I,138,I_w138,0
I,139,I_w139,0
I,140,I_w140,0
I,141,I_w141,0
I,142,I_w142,0
I,143,I_w143,0
I,144,I_w144,0
I,145,I_w145,0
I,146,I_w146,0
I,147,I_w147,0
I,148,I_w148,0
I,149,I_w149,0
I,150,I_w150,0
I,151,I_w151,0
I,152,I_w152,0
I,153,I_w153,0
I,154,I_w154,0
I,155,I_w155,0
I,156,I_w156,0
I,157,I_w157,0
I,158,I_w158,0
I,159,I_w159,0
I,160,I_w160,0
I,161,I_w161,0
I,162,I_w162,0
I,163,I_w163,0
I,164,I_w164,0
I,165,I_w165,0
I,166,I_w166,0
I,167,I_w167,0
I,168,I_w168,0
I,169,I_w169,0
I,170,I_w170,0
I,171,I_w171,0
I,172,I_w172,0
I,173,I_w173,0
I,174,I_w174,0
I,175,I_w175,0
I,176,I_w176,0
I,177,I_w177,0
I,178,I_w178,0
I,179,I_w179,0
I,180,I_w180,0
I,181,I_w181,0
I,182,I_w182,0
I,183,I_w183,0
I,184,I_w184,0
I,185,I_w185,0
I,186,I_w186,0
I,187,I_w187,0
I,188,I_w188,0
I,189,I_w189,0
I,190,I_w190,0
I,191,I_w191,0
I,192,I_w192,0
I,193,I_w193,0
I,194,I_w194,0
I,195,I_w195,0
I,196,I_w196,0
I,197,I_w197,0
I,198,I_w198,0
I,199,I_w199,0
I,200,I_w200,0
I,201,I_w201,0
I,202,I_w202,0
I,203,I_w203,0
I,204,I_w204,0
I,205,I_w205,0
I,206,I_w206,0
I,207,I_w207,0
I,208,I_w208,0
I,209,I_w209,0
I,210,I_w210,0
I,211,I_w211,0
I,212,I_w212,0
I,213,I_w213,0
I,214,I_w214,0
I,215,I_w215,0
I,216,I_w216,0
I,217,I_w217,0
I,218,I_w218,0
I,219,I_w219,0
I,220,I_w220,0
I,221,I_w221,0
I,222,I_w222,0
I,223,I_w223,0
I,224,I_w224,0
I,225,I_w225,0
I,226,I_w226,0
I,227,I_w227,0
I,228,I_w228,0
I,229,I_w229,0
I,230,I_w230,0
I,231,I_w231,0
I,232,I_w232,0
I,233,I_w233,0
I,234,I_w234,0
I,235,I_w235,0
I,236,I_w236,0
I,237,I_w237,0
I,238,I_w238,0
I,239,I_w239,0
I,240,I_w240,0
I,241,I_w241,0
I,242,I_w242,0
I,243,I_w243,0
I,244,I_w244,0
I,245,I_w245,0
I,246,I_w246,0
I,247,I_w247,0
I,248,I_w248,0
I,249,I_w249,0
I,250,I_w250,0
I,251,I_w251,0
I,252,I_w252,0
I,253,I_w253,0
I,254,I_w254,0
I,255,I_w255,0
I,256,I_w256,0
I,257,I_w257,0
I,258,I_w258,0
I,259,I_w259,0
I,260,I_w260,0
I,261,I_w261,0
I,262,I_w262,0
I,263,I_w263,0
I,264,I_w264,0
I,265,I_w265,0
I,266,I_w266,0
I,267,I_w267,0
I,268,I_w268,0
I,269,I_w269,0
I,270,I_w270,-1
I,271,I_w271,0
I,272,I_w272,0
I,273,I_w273,0
I,274,I_w274,0
I,275,I_w275,0
I,276,I_w276,0
I,277,I_w277,0
I,278,I_w278,0
I,279,I_w279,0
I,280,I_w280,0
I,281,I_w281,0
I,282,I_w282,0
I,283,I_w283,0
I,284,I_w284,0
I,285,I_w285,0
I,286,I_w286,0
I,287,I_w287,0
I,288,I_w288,0
I,289,I_w289,0
I,290,I_w290,0
I,291,I_w291,0
I,292,I_w292,0
I,293,I_w293,0
I,294,I_w294,0
I,295,I_w295,0
I,296,I_w296,0
I,297,I_w297,0
I,298,I_w298,0
I,299,I_w299,0
I,300,I_w300,0
I,301,I_w301,0
I,302,I_w302,0
I,303,I_w303,0
I,304,I_w304,0
I,305,I_w305,0
I,306,I_w306,0
I,307,I_w307,0
I,308,I_w308,0
I,309,I_w309,0
I,310,I_w310,0
I,311,I_w311,0
I,312,I_w312,0
I,313,I_w313,0
I,314,I_w314,0
I,315,I_w315,0
I,316,I_w316,0
I,317,I_w317,0
I,318,I_w318,0
I,319,I_w319,0
I,320,I_w320,0
I,321,I_w321,0
I,322,I_w322,0
I,323,I_w323,0
I,324,I_w324,0
I,325,I_w325,0
I,326,I_w326,0
I,327,I_w327,0
I,328,I_w328,0
I,329,I_w329,0
I,330,I_w330,0
I,331,I_w331,0
I,332,I_w332,0
I,333,I_w333,0
I,334,I_w334,0
I,335,I_w335,0
I,336,I_w336,0
I,337,I_w337,0
I,338,I_w338,-1
I,339,I_w339,0
I,340,I_w340,0
I,341,I_w341,0
I,342,I_w342,0
I,343,I_w343,0
I,344,I_w344,0
I,345,I_w345,0
I,346,I_w346,0
I,347,I_w347,0
I,348,I_w348,0
I,349,I_w349,0
I,350,I_w350,0
I,351,I_w351,0
I,352,I_w352,0
I,353,I_w353,0
I,354,I_w354,0
I,355,I_w355,0
I,356,I_w356,0
I,357,I_w357,0
I,358,I_w358,-1
I,359,I_w359,0
I,360,I_w360,0
I,361,I_w361,0
I,362,I_w362,0
I,363,I_w363,0
I,364,I_w364,0
I,365,I_w365,0
I,366,I_w366,0
I,367,I_w367,0
I,368,I_w368,0
I,369,I_w369,0
I,370,I_w370,0
I,371,I_w371,0
I,372,I_w372,0
I,373,I_w373,0
I,374,I_w374,0
I,375,I_w375,0
I,376,I_w376,0
I,377,I_w377,0
I,378,I_w378,0
I,379,I_w379,0
I,380,I_w380,0
I,381,I_w381,0
I,382,I_w382,0
I,383,I_w383,0
I,384,I_w384,0
I,385,I_w385,0
I,386,I_w386,0
I,387,I_w387,0
I,388,I_w388,0
I,389,I_w389,-1
I,390,I_w390,0
I,391,I_w391,-1
I,392,I_w392,-1
I,393,I_w393,0
I,394,I_w394,0
I,395,I_w395,-1
I,396,I_w396,0
I,397,I_w397,0
I,398,I_w398,0
I,399,I_w399,0
I,400,I_w400,0
I,401,I_w401,0
I,402,I_w402,0
I,403,I_w403,0
I,404,I_w404,0
I,405,I_w405,0
I,406,I_w406,0
I,407,I_w407,0
I,408,I_w408,0
I,409,I_w409,0
I,410,I_w410,0
I,411,I_w411,-1
I,412,I_w412,-1
I,413,I_w413,-1
I,414,I_w414,-1
I,415,I_w415,-1
I,416,I_w416,-1
I,417,I_w417,-1
I,418,I_w418,0
I,419,I_w419,0
I,420,I_w420,0
I,421,I_w421,0
I,422,I_w422,0
I,423,I_w423,0
I,424,I_w424,0
I,425,I_w425,0
I,426,I_w426,-1
I,427,I_w427,0
I,428,I_w428,-1
I,429,I_w429,-1
I,430,I_w430,-1
I,431,I_w431,-1
I,432,I_w432,0
J,0,J_w0,-1
J,1,J_w1,-1
J,2,J_w2,-1
J,3,J_w3,-1
J,4,J_w4,0
J,5,J_w5,0
J,6,J_w6,0
J,7,J_w7,-1
J,8,J_w8,0
J,9,J_w9,0
J,10,J_w10,0
J,11,J_w11,-1
J,12,J_w12,-1
J,13,J_w13,-1
J,14,J_w14,-1
J,15,J_w15,0
J,16,J_w16,0
J,17,J_w17,0
J,18,J_w18,0
J,19,J_w19,0
J,20,J_w20,0
J,21,J_w21,0
J,22,J_w22,-1
J,23,J_w23,0
J,24,J_w24,0
J,25,J_w25,0
J,26,J_w26,0
J,27,J_w27,0
J,28,J_w28,0
J,29,J_w29,0
J,30,J_w30,0
J,31,J_w31,0
J,32,J_w32,0
J,33,J_w33,0
J,34,J_w34,0
J,35,J_w35,0
J,36,J_w36,0
J,37,J_w37,0
J,38,J_w38,0
J,39,J_w39,0
J,40,J_w40,0
J,41,J_w41,0
J,42,J_w42,0
J,43,J_w43,0
J,44,J_w44,0
J,45,J_w45,0
J,46,J_w46,0
J,47,J_w47,0
J,48,J_w48,0
J,49,J_w49,0
J,50,J_w50,0
J,51,J_w51,0
J,52,J_w52,0
J,53,J_w53,0
J,54,J_w54,0
J,55,J_w55,0
J,56,J_w56,0
J,57,J_w57,0
J,58,J_w58,0
J,59,J_w59,0
J,60,J_w60,0
J,61,J_w61,0
J,62,J_w62,0
J,63,J_w63,0
J,64,J_w64,0
J,65,J_w65,0
J,66,J_w66,0
J,67,J_w67,0
J,68,J_w68,0
J,69,J_w69,0
J,70,J_w70,0
J,71,J_w71,0
J,72,J_w72,0
J,73,J_w73,0
J,74,J_w74,0
J,75,J_w75,0
J,76,J_w76,0
J,77,J_w77,0
J,78,J_w78,0
J,79,J_w79,0
J,80,J_w80,0
J,81,J_w81,0
J,82,J_w82,0
J,83,J_w83,0
J,84,J_w84,0
J,85,J_w85,0
J,86,J_w86,0
J,87,J_w87,0
J,88,J_w88,0
J,89,J_w89,0
J,90,J_w90,0
J,91,J_w91,0
J,92,J_w92,0
J,93,J_w93,0
J,94,J_w94,0
J,95,J_w95,0
J,96,J_w96,0
J,97,J_w97,0
J,98,J_w98,0
J,99,J_w99,0
J,100,J_w100,0
J,101,J_w101,0
J,102,J_w102,0
J,103,J_w103,0
J,104,J_w104,0
J,105,J_w105,0
J,106,J_w106,0
J,107,J_w107,0
J,108,J_w108,0
J,109,J_w109,0
J,110,J_w110,0
J,111,J_w111,0
J,112,J_w112,0
J,113,J_w113,0
J,114,J_w114,0
J,115,J_w115,0
J,116,J_w116,0
J,117,J_w117,0
J,118,J_w118,0
J,119,J_w119,0
J,120,J_w120,0
J,121,J_w121,0
J,122,J_w122,0
J,123,J_w123,0
J,124,J_w124,0
J,125,J_w125,0
J,126,J_w126,0
J,127,J_w127,0
J,128,J_w128,0
J,129,J_w129,0
J,130,J_w130,0
J,131,J_w131,0
J,132,J_w132,0
J,133,J_w133,0
J,134,J_w134,0
J,135,J_w135,0
J,136,J_w136,0
J,137,J_w137,0
J,138,J_w138,0
J,139,J_w139,0
J,140,J_w140,0
J,141,J_w141,0
J,142,J_w142,0
J,143,J_w143,0
J,144,J_w144,0
J,145,J_w145,0
J,146,J_w146,0
J,147,J_w147,0
J,148,J_w148,0
J,149,J_w149,0
J,150,J_w150,0
J,151,J_w151,0
J,152,J_w152,0
J,153,J_w153,0
J,154,J_w154,0
J,155,J_w155,0
J,156,J_w156,0
J,157,J_w157,0
J,158,J_w158,0
J,159,J_w159,0
J,160,J_w160,0
J,161,J_w161,0
J,162,J_w162,0
J,163,J_w163,0
J,164,J_w164,0
J,165,J_w165,0
J,166,J_w166,0
J,167,J_w167,0
J,168,J_w168,0
J,169,J_w169,0
J,170,J_w170,0
J,171,J_w171,0
J,172,J_w172,0
J,173,J_w173,0
J,174,J_w174,0
J,175,J_w175,0
J,176,J_w176,0
J,177,J_w177,0
J,178,J_w178,0
J,179,J_w179,0
J,180,J_w180,0
J,181,J_w181,0
J,182,J_w182,0
J,183,J_w183,0
J,184,J_w184,0
J,185,J_w185,0
J,186,J_w186,0
J,187,J_w187,0
J,188,J_w188,0
J,189,J_w189,0
J,190,J_w190,0
J,191,J_w191,0
J,192,J_w192,0
J,193,J_w193,0
J,194,J_w194,0
J,195,J_w195,0
J,196,J_w196,0
J,197,J_w197,0
J,198,J_w198,0
J,199,J_w199,0
J,200,J_w200,0
J,201,J_w201,0
J,202,J_w202,0
J,203,J_w203,0
J,204,J_w204,0
J,205,J_w205,0
J,206,J_w206,0
J,207,J_w207,0
J,208,J_w208,0
J,209,J_w209,0
J,210,J_w210,0
J,211,J_w211,0
J,212,J_w212,0
J,213,J_w213,0
J,214,J_w214,0
J,215,J_w215,0
J,216,J_w216,0
J,217,J_w217,0
J,218,J_w218,0
J,219,J_w219,-1
J,220,J_w220,0
J,221,J_w221,0
J,222,J_w222,0
J,223,J_w223,0
J,224,J_w224,0
J,225,J_w225,0
J,226,J_w226,0
J,227,J_w227,0
J,228,J_w228,0
J,229,J_w229,0
J,230,J_w230,0
J,231,J_w231,0
J,232,J_w232,0
J,233,J_w233,0
J,234,J_w234,0
J,235,J_w235,0
J,236,J_w236,0
J,237,J_w237,0
J,238,J_w238,0
J,239,J_w239,0
J,240,J_w240,0
J,241,J_w241,0
J,242,J_w242,0
J,243,J_w243,0
J,244,J_w244,0
J,245,J_w245,0
J,246,J_w246,0
J,247,J_w247,0
J,248,J_w248,0
J,249,J_w249,0
J,250,J_w250,0
J,251,J_w251,0
J,252,J_w252,0
J,253,J_w253,0
J,254,J_w254,0
J,255,J_w255,0
J,256,J_w256,0
J,257,J_w257,0
J,258,J_w258,0
J,259,J_w259,0
J,260,J_w260,0
J,261,J_w261,0
J,262,J_w262,0
J,263,J_w263,0
J,264,J_w264,0
J,265,J_w265,0
J,266,J_w266,0
J,267,J_w267,0
J,268,J_w268,0
J,269,J_w269,0
J,270,J_w270,0
J,271,J_w271,0
J,272,J_w272,0
J,273,J_w273,0
J,274,J_w274,0
J,275,J_w275,0
J,276,J_w276,0
J,277,J_w277,0
J,278,J_w278,0
J,279,J_w279,0
J,280,J_w280,0
J,281,J_w281,0
J,282,J_w282,0
J,283,J_w283,0
J,284,J_w284,0
J,285,J_w285,0
J,286,J_w286,0
J,287,J_w287,0
J,288,J_w288,-1
J,289,J_w289,0
J,290,J_w290,-1
J,291,J_w291,-1
J,292,J_w292,-1
J,293,J_w293,0
J,294,J_w294,0
J,295,J_w295,0
J,296,J_w296,0
J,297,J_w297,0
J,298,J_w298,0
J,299,J_w299,0
J,300,J_w300,0
J,301,J_w301,0
J,302,J_w302,0
J,303,J_w303,0
J,304,J_w304,0
J,305,J_w305,0
J,306,J_w306,0
J,307,J_w307,0
J,308,J_w308,0
J,309,J_w309,0
J,310,J_w310,0
J,311,J_w311,0
J,312,J_w312,0
J,313,J_w313,0
J,314,J_w314,0
J,315,J_w315,0
J,316,J_w316,0
J,317,J_w317,0
J,318,J_w318,0
J,319,J_w319,0
J,320,J_w320,0
J,321,J_w321,0
J,322,J_w322,0
J,323,J_w323,0
J,324,J_w324,0
J,325,J_w325,0
J,326,J_w326,0
J,327,J_w327,0
J,328,J_w328,0
J,329,J_w329,0
J,330,J_w330,0
J,331,J_w331,0
J,332,J_w332,0
J,333,J_w333,0
J,334,J_w334,0
J,335,J_w335,0
J,336,J_w336,0
J,337,J_w337,0
J,338,J_w338,0
J,339,J_w339,0
J,340,J_w340,0
J,341,J_w341,0
J,342,J_w342,-1
J,343,J_w343,0
J,344,J_w344,0
J,345,J_w345,0
J,346,J_w346,0
J,347,J_w347,0
J,348,J_w348,0
J,349,J_w349,0
J,350,J_w350,0
J,351,J_w351,0
J,352,J_w352,0
J,353,J_w353,0
J,354,J_w354,0
J,355,J_w355,0
J,356,J_w356,0
J,357,J_w357,0
J,358,J_w358,0
J,359,J_w359,0
J,360,J_w360,0
J,361,J_w361,0
J,362,J_w362,0
J,363,J_w363,0
J,364,J_w364,0
J,365,J_w365,0
J,366,J_w366,0
J,367,J_w367,0
J,368,J_w368,0
J,369,J_w369,0
J,370,J_w370,0
J,371,J_w371,0
J,372,J_w372,0
J,373,J_w373,0
J,374,J_w374,0
J,375,J_w375,0
J,376,J_w376,0
J,377,J_w377,0
J,378,J_w378,0
J,379,J_w379,0
J,380,J_w380,0
J,381,J_w381,0
J,382,J_w382,0
J,383,J_w383,0
J,384,J_w384,0
J,385,J_w385,0
J,386,J_w386,0
J,387,J_w387,0
J,388,J_w388,0
J,389,J_w389,0
J,390,J_w390,0
J,391,J_w391,0
J,392,J_w392,0
J,393,J_w393,0
J,394,J_w394,0
J,395,J_w395,0
J,396,J_w396,0
J,397,J_w397,0
J,398,J_w398,0
J,399,J_w399,0
J,400,J_w400,0
J,401,J_w401,0
J,402,J_w402,0
J,403,J_w403,0
J,404,J_w404,0
J,405,J_w405,0
J,406,J_w406,0
J,407,J_w407,0
J,408,J_w408,0
J,409,J_w409,0
J,410,J_w410,0
J,411,J_w411,0
J,412,J_w412,0
J,413,J_w413,0
J,414,J_w414,0
J,415,J_w415,0
J,416,J_w416,0
J,417,J_w417,0
J,418,J_w418,0
J,419,J_w419,0
J,420,J_w420,0
J,421,J_w421,0
J,422,J_w422,0
J,423,J_w423,0
J,424,J_w424,0
J,425,J_w425,0
J,426,J_w426,0
J,427,J_w427,0
J,428,J_w428,0
J,429,J_w429,0
J,430,J_w430,0
J,431,J_w431,-1
J,432,J_w432,-1
J,433,J_w433,0
J,434,J_w434,0
J,435,J_w435,0
J,436,J_w436,0
J,437,J_w437,0
J,438,J_w438,0
J,439,J_w439,0
J,440,J_w440,0
J,441,J_w441,0
J,442,J_w442,0
J,443,J_w443,0
J,444,J_w444,0
J,445,J_w445,0
J,446,J_w446,0
J,447,J_w447,0
J,448,J_w448,0
J,449,J_w449,0
J,450,J_w450,0
J,451,J_w451,0
J,452,J_w452,0
J,453,J_w453,-1
J,454,J_w454,0
J,455,J_w455,0
J,456,J_w456,0
J,457,J_w457,0
J,458,J_w458,0
J,459,J_w459,-1
J,460,J_w460,0
J,461,J_w461,0
J,462,J_w462,-1
J,463,J_w463,-1
J,464,J_w464,-1
J,465,J_w465,0
J,466,J_w466,0
J,467,J_w467,0
J,468,J_w468,-1
J,469,J_w469,1
J,470,J_w470,0
J,471,J_w471,0
J,472,J_w472,0
J,473,J_w473,0
J,474,J_w474,0
J,475,J_w475,0
J,476,J_w476,1
J,477,J_w477,0
J,478,J_w478,0
J,479,J_w479,0
J,480,J_w480,0
J,481,J_w481,0
J,482,J_w482,0
J,483,J_w483,0
J,484,J_w484,1
J,485,J_w485,0
J,486,J_w486,0
J,487,J_w487,0
J,488,J_w488,0
J,489,J_w489,-1
J,490,J_w490,0
J,491,J_w491,0
J,492,J_w492,0
J,493,J_w493,0
J,494,J_w494,0
J,495,J_w495,-1
J,496,J_w496,1
J,497,J_w497,0
J,498,J_w498,0
J,499,J_w499,0
J,500,J_w500,0
J,501,J_w501,0
J,502,J_w502,0
J,503,J_w503,0
J,504,J_w504,0
J,505,J_w505,0
J,506,J_w506,-1
J,507,J_w507,0
J,508,J_w508,0
J,509,J_w509,0
J,510,J_w510,0
J,511,J_w511,0
J,512,J_w512,0
J,513,J_w513,-1
J,514,J_w514,0
J,515,J_w515,0
J,516,J_w516,0
J,517,J_w517,0
J,518,J_w518,0
J,519,J_w519,0
J,520,J_w520,0
J,521,J_w521,0
J,522,J_w522,0
J,523,J_w523,0
J,524,J_w524,0
J,525,J_w525,-1
J,526,J_w526,-1
J,527,J_w527,-1
J,528,J_w528,-1
J,529,J_w529,0
J,530,J_w530,0
J,531,J_w531,0
J,532,J_w532,0
J,533,J_w533,0
J,534,J_w534,0
J,535,J_w535,0
J,536,J_w536,-1
J,537,J_w537,-1
J,538,J_w538,0
J,539,J_w539,0
J,540,J_w540,0
J,541,J_w541,0
J,542,J_w542,0
J,543,J_w543,0
J,544,J_w544,0
J,545,J_w545,0
J,546,J_w546,0
J,547,J_w547,0
J,548,J_w548,0
J,549,J_w549,-1
J,550,J_w550,0
J,551,J_w551,0
J,552,J_w552,-1
J,553,J_w553,-1
J,554,J_w554,0
J,555,J_w555,0
J,556,J_w556,-1
J,557,J_w557,-1
J,558,J_w558,0
J,559,J_w559,-1
J,560,J_w560,-1
J,561,J_w561,-1
J,562,J_w562,-1
J,563,J_w563,-1
J,564,J_w564,0
J,565,J_w565,0
J,566,J_w566,0
J,567,J_w567,0
J,568,J_w568,-1
J,569,J_w569,-1
J,570,J_w570,0
J,571,J_w571,0
J,572,J_w572,0
J,573,J_w573,0
J,574,J_w574,0
J,575,J_w575,0
J,576,J_w576,0
J,577,J_w577,0
J,578,J_w578,0
J,579,J_w579,0
J,580,J_w580,0
J,581,J_w581,0
J,582,J_w582,0
J,583,J_w583,0
J,584,J_w584,0
J,585,J_w585,0
J,586,J_w586,0
J,587,J_w587,0
J,588,J_w588,0
J,589,J_w589,0
